MEME-ID,ninguno,contenido inapropiado,sexismo,racismo,clasismo,otro
DS_IMG_2448.jpg,1,0,0,0,0,0
DS_IMG_3105.jpg,1,0,0,0,0,0
DS_IMG_2663.jpg,1,0,0,0,0,0
DS_IMG_1681.jpg,0,1,0,0,0,0
DS_IMG_3063.jpg,0,0,0,1,0,0
DS_IMG_2385.jpg,1,0,0,0,0,0
DS_IMG_1574.jpg,1,0,0,0,0,0
DS_IMG_1510.jpg,1,0,0,0,0,0
DS_IMG_1511.jpg,0,0,1,0,0,0
DS_IMG_3072.jpg,0,1,0,0,0,0
DS_IMG_1395.jpg,0,1,0,0,0,0
DS_IMG_370.jpg,0,0,1,0,0,0
DS_IMG_3015.jpg,1,0,0,0,0,0
DS_IMG_3287.jpg,0,0,1,0,0,0
DS_IMG_1565.jpg,1,0,0,0,0,0
DS_IMG_1838.jpg,1,0,0,0,0,0
DS_IMG_2296.jpg,1,0,0,0,0,0
DS_IMG_400.jpg,0,0,1,0,0,0
DS_IMG_2494.jpg,1,0,0,0,0,0
DS_IMG_1724.jpg,1,0,0,0,0,0
DS_IMG_1998.jpg,1,0,0,0,0,0
DS_IMG_2098.jpg,1,0,0,0,0,0
DS_IMG_2030.jpg,1,0,0,0,0,0
DS_IMG_862.jpg,1,0,0,0,0,0
DS_IMG_1491.jpg,1,0,0,0,0,0
DS_IMG_2377.jpg,1,0,0,0,0,0
DS_IMG_2738.jpg,1,0,0,0,0,0
DS_IMG_3006.jpg,1,0,0,0,0,0
DS_IMG_2561.jpg,1,0,0,0,0,0
DS_IMG_3147.jpg,1,0,0,0,0,0
DS_IMG_2405.jpg,1,0,0,0,0,0
DS_IMG_1875.jpg,0,0,0,0,0,1
DS_IMG_1863.jpg,0,1,0,0,0,0
DS_IMG_834.jpg,0,1,0,0,0,0
DS_IMG_2947.jpg,1,0,0,0,0,0
DS_IMG_2318.jpg,1,0,0,0,0,0
DS_IMG_60.jpg,1,0,0,0,0,0
DS_IMG_1376.jpg,1,0,0,0,0,0
DS_IMG_2605.jpg,0,1,0,0,0,0
DS_IMG_1482.jpg,1,0,0,0,0,0
DS_IMG_2515.jpg,1,0,0,0,0,0
DS_IMG_596.jpg,1,0,0,0,0,0
DS_IMG_719.jpg,0,0,1,0,0,0
DS_IMG_704.jpg,1,0,0,0,0,0
DS_IMG_232.jpg,1,0,0,0,0,0
DS_IMG_2532.jpg,1,0,0,0,0,0
DS_IMG_1053.jpg,1,0,0,0,0,0
DS_IMG_2480.jpg,1,0,0,0,0,0
DS_IMG_2789.jpg,1,0,0,0,0,0
DS_IMG_3201.jpg,1,0,0,0,0,0
DS_IMG_889.jpg,1,0,0,0,0,0
DS_IMG_2199.jpg,1,0,0,0,0,0
DS_IMG_2339.jpg,1,0,0,0,0,0
DS_IMG_2270.jpg,1,0,0,0,0,0
DS_IMG_270.jpg,1,0,0,0,0,0
DS_IMG_401.jpg,1,0,0,0,0,0
DS_IMG_1075.jpg,0,0,0,1,0,0
DS_IMG_2061.jpg,1,0,0,0,0,0
DS_IMG_736.jpg,1,0,0,0,0,0
DS_IMG_1071.jpg,1,0,0,0,0,0
DS_IMG_2952.jpg,0,0,1,0,0,0
DS_IMG_1841.jpg,1,0,0,0,0,0
DS_IMG_1616.jpg,0,1,0,0,0,0
DS_IMG_1814.jpg,1,0,0,0,0,0
DS_IMG_3258.jpg,1,0,0,0,0,0
DS_IMG_1624.jpg,1,0,0,0,0,0
DS_IMG_593.jpg,0,1,0,0,0,0
DS_IMG_2845.jpg,1,0,0,0,0,0
DS_IMG_2183.jpg,1,0,0,0,0,0
DS_IMG_2341.jpg,1,0,0,0,0,0
DS_IMG_2006.jpg,1,0,0,0,0,0
DS_IMG_982.jpg,1,0,0,0,0,0
DS_IMG_1583.jpg,1,0,0,0,0,0
DS_IMG_93.jpg,1,0,0,0,0,0
DS_IMG_171.jpg,1,0,0,0,0,0
DS_IMG_430.jpg,0,0,1,0,0,0
DS_IMG_361.jpg,0,1,0,0,0,0
DS_IMG_2965.jpg,0,1,0,0,0,0
DS_IMG_1205.jpg,0,1,0,0,0,0
DS_IMG_1175.jpg,0,1,0,0,0,0
DS_IMG_3264.jpg,1,0,0,0,0,0
DS_IMG_1778.jpg,1,0,0,0,0,0
DS_IMG_288.jpg,0,0,1,0,0,0
DS_IMG_241.jpg,0,0,1,0,0,0
DS_IMG_1051.jpg,0,0,0,1,0,0
DS_IMG_903.jpg,1,0,0,0,0,0
DS_IMG_2177.jpg,0,1,0,0,0,0
DS_IMG_1285.jpg,1,0,0,0,0,0
DS_IMG_2067.jpg,1,0,0,0,0,0
DS_IMG_1650.jpg,0,1,0,0,0,0
DS_IMG_2546.jpg,1,0,0,0,0,0
DS_IMG_345.jpg,0,0,1,0,0,0
DS_IMG_749.jpg,0,1,0,0,0,0
DS_IMG_1254.jpg,0,1,0,0,0,0
DS_IMG_267.jpg,1,0,0,0,0,0
DS_IMG_1530.jpg,0,1,0,0,0,0
DS_IMG_782.jpg,1,0,0,0,0,0
DS_IMG_2483.jpg,1,0,0,0,0,0
DS_IMG_32.jpg,0,0,0,1,0,0
DS_IMG_2565.jpg,0,0,0,1,0,0
DS_IMG_1527.jpg,1,0,0,0,0,0
DS_IMG_2601.jpg,1,0,0,0,0,0
DS_IMG_890.jpg,1,0,0,0,0,0
DS_IMG_666.jpg,1,0,0,0,0,0
DS_IMG_539.jpg,1,0,0,0,0,0
DS_IMG_2776.jpg,1,0,0,0,0,0
DS_IMG_2197.jpg,1,0,0,0,0,0
DS_IMG_1487.jpg,1,0,0,0,0,0
DS_IMG_2930.jpg,1,0,0,0,0,0
DS_IMG_1633.jpg,1,0,0,0,0,0
DS_IMG_1499.jpg,1,0,0,0,0,0
DS_IMG_2502.jpg,1,0,0,0,0,0
DS_IMG_2312.jpg,1,0,0,0,0,0
DS_IMG_1518.jpg,0,0,1,0,0,0
DS_IMG_2508.jpg,1,0,0,0,0,0
DS_IMG_309.jpg,1,0,0,0,0,0
DS_IMG_1644.jpg,1,0,0,0,0,0
DS_IMG_391.jpg,0,0,1,0,0,0
DS_IMG_471.jpg,1,0,0,0,0,0
DS_IMG_25.jpg,1,0,0,0,0,0
DS_IMG_2530.jpg,1,0,0,0,0,0
DS_IMG_3109.jpg,0,0,1,0,0,0
DS_IMG_289.jpg,1,0,0,0,0,0
DS_IMG_646.jpg,1,0,0,0,0,0
DS_IMG_1687.jpg,1,0,0,0,0,0
DS_IMG_589.jpg,0,1,0,0,0,0
DS_IMG_2585.jpg,1,0,0,0,0,0
DS_IMG_199.jpg,1,0,0,0,0,0
DS_IMG_3219.jpg,0,1,0,0,0,0
DS_IMG_1677.jpg,0,1,0,0,0,0
DS_IMG_3228.jpg,1,0,0,0,0,0
DS_IMG_3084.jpg,0,1,0,0,0,0
DS_IMG_3209.jpg,1,0,0,0,0,0
DS_IMG_2096.jpg,1,0,0,0,0,0
DS_IMG_597.jpg,1,0,0,0,0,0
DS_IMG_1011.jpg,0,0,0,1,0,0
DS_IMG_1108.jpg,0,1,0,0,0,0
DS_IMG_377.jpg,0,0,1,0,0,0
DS_IMG_770.jpg,1,0,0,0,0,0
DS_IMG_221.jpg,0,0,0,1,0,0
DS_IMG_544.jpg,1,0,0,0,0,0
DS_IMG_2861.jpg,1,0,0,0,0,0
DS_IMG_2367.jpg,1,0,0,0,0,0
DS_IMG_657.jpg,1,0,0,0,0,0
DS_IMG_84.jpg,0,0,1,0,0,0
DS_IMG_1221.jpg,0,0,0,0,1,0
DS_IMG_1559.jpg,0,1,0,0,0,0
DS_IMG_2259.jpg,1,0,0,0,0,0
DS_IMG_398.jpg,1,0,0,0,0,0
DS_IMG_1912.jpg,1,0,0,0,0,0
DS_IMG_633.jpg,0,0,1,0,0,0
DS_IMG_2300.jpg,1,0,0,0,0,0
DS_IMG_282.jpg,1,0,0,0,0,0
DS_IMG_1268.jpg,1,0,0,0,0,0
DS_IMG_350.jpg,1,0,0,0,0,0
DS_IMG_2196.jpg,1,0,0,0,0,0
DS_IMG_2142.jpg,1,0,0,0,0,0
DS_IMG_1006.jpg,1,0,0,0,0,0
DS_IMG_1449.jpg,0,1,0,0,0,0
DS_IMG_3255.jpg,0,1,0,0,0,0
DS_IMG_2911.jpg,1,0,0,0,0,0
DS_IMG_2451.jpg,1,0,0,0,0,0
DS_IMG_1630.jpg,1,0,0,0,0,0
DS_IMG_2179.jpg,0,1,0,0,0,0
DS_IMG_1830.jpg,1,0,0,0,0,0
DS_IMG_3269.jpg,0,1,0,0,0,0
DS_IMG_2557.jpg,1,0,0,0,0,0
DS_IMG_758.jpg,1,0,0,0,0,0
DS_IMG_2739.jpg,1,0,0,0,0,0
DS_IMG_1094.jpg,0,0,1,0,0,0
DS_IMG_2918.jpg,0,0,0,0,0,1
DS_IMG_2675.jpg,1,0,0,0,0,0
DS_IMG_1733.jpg,0,1,0,0,0,0
DS_IMG_1714.jpg,1,0,0,0,0,0
DS_IMG_995.jpg,0,1,0,0,0,0
DS_IMG_365.jpg,0,0,1,0,0,0
DS_IMG_3130.jpg,0,1,0,0,0,0
DS_IMG_3250.jpg,0,1,0,0,0,0
DS_IMG_2896.jpg,1,0,0,0,0,0
DS_IMG_2307.jpg,1,0,0,0,0,0
DS_IMG_1165.jpg,0,1,0,0,0,0
DS_IMG_2745.jpg,1,0,0,0,0,0
DS_IMG_2095.jpg,1,0,0,0,0,0
DS_IMG_2638.jpg,1,0,0,0,0,0
DS_IMG_1610.jpg,1,0,0,0,0,0
DS_IMG_2379.jpg,0,1,0,0,0,0
DS_IMG_191.jpg,1,0,0,0,0,0
DS_IMG_2997.jpg,1,0,0,0,0,0
DS_IMG_670.jpg,1,0,0,0,0,0
DS_IMG_1535.jpg,1,0,0,0,0,0
DS_IMG_496.jpg,1,0,0,0,0,0
DS_IMG_818.jpg,0,1,0,0,0,0
DS_IMG_530.jpg,1,0,0,0,0,0
DS_IMG_180.jpg,1,0,0,0,0,0
DS_IMG_2656.jpg,1,0,0,0,0,0
DS_IMG_143.jpg,0,0,0,0,1,0
DS_IMG_1870.jpg,0,0,0,0,1,0
DS_IMG_1079.jpg,1,0,0,0,0,0
DS_IMG_1853.jpg,1,0,0,0,0,0
DS_IMG_1712.jpg,1,0,0,0,0,0
DS_IMG_1696.jpg,1,0,0,0,0,0
DS_IMG_2208.jpg,1,0,0,0,0,0
DS_IMG_817.jpg,1,0,0,0,0,0
DS_IMG_2944.jpg,0,1,0,0,0,0
DS_IMG_952.jpg,1,0,0,0,0,0
DS_IMG_1122.jpg,0,1,0,0,0,0
DS_IMG_879.jpg,1,0,0,0,0,0
DS_IMG_3093.jpg,1,0,0,0,0,0
DS_IMG_3104.jpg,0,1,0,0,0,0
DS_IMG_2880.jpg,1,0,0,0,0,0
DS_IMG_2785.jpg,0,1,0,0,0,0
DS_IMG_1273.jpg,0,1,0,0,0,0
DS_IMG_523.jpg,0,1,0,0,0,0
DS_IMG_119.jpg,1,0,0,0,0,0
DS_IMG_1421.jpg,0,1,0,0,0,0
DS_IMG_2176.jpg,1,0,0,0,0,0
DS_IMG_1613.jpg,1,0,0,0,0,0
DS_IMG_2916.jpg,0,1,0,0,0,0
DS_IMG_625.jpg,0,0,1,0,0,0
DS_IMG_2637.jpg,0,1,0,0,0,0
DS_IMG_2469.jpg,0,1,0,0,0,0
DS_IMG_966.jpg,1,0,0,0,0,0
DS_IMG_2812.jpg,1,0,0,0,0,0
DS_IMG_1246.jpg,0,1,0,0,0,0
DS_IMG_2163.jpg,1,0,0,0,0,0
DS_IMG_2040.jpg,1,0,0,0,0,0
DS_IMG_833.jpg,0,1,0,0,0,0
DS_IMG_1757.jpg,1,0,0,0,0,0
DS_IMG_3024.jpg,0,1,0,0,0,0
DS_IMG_1345.jpg,0,1,0,0,0,0
DS_IMG_2276.jpg,0,1,0,0,0,0
DS_IMG_2457.jpg,1,0,0,0,0,0
DS_IMG_314.jpg,0,0,1,0,0,0
DS_IMG_129.jpg,0,0,0,0,1,0
DS_IMG_1932.jpg,0,1,0,0,0,0
DS_IMG_744.jpg,1,0,0,0,0,0
DS_IMG_1270.jpg,1,0,0,0,0,0
DS_IMG_2344.jpg,1,0,0,0,0,0
DS_IMG_227.jpg,1,0,0,0,0,0
DS_IMG_2736.jpg,1,0,0,0,0,0
DS_IMG_2125.jpg,1,0,0,0,0,0
DS_IMG_1657.jpg,1,0,0,0,0,0
DS_IMG_1005.jpg,0,0,0,1,0,0
DS_IMG_1484.jpg,1,0,0,0,0,0
DS_IMG_1612.jpg,1,0,0,0,0,0
DS_IMG_1378.jpg,0,1,0,0,0,0
DS_IMG_2560.jpg,1,0,0,0,0,0
DS_IMG_1326.jpg,0,1,0,0,0,0
DS_IMG_2872.jpg,0,1,0,0,0,0
DS_IMG_678.jpg,1,0,0,0,0,0
DS_IMG_1940.jpg,1,0,0,0,0,0
DS_IMG_2292.jpg,1,0,0,0,0,0
DS_IMG_1534.jpg,1,0,0,0,0,0
DS_IMG_529.jpg,0,1,0,0,0,0
DS_IMG_2351.jpg,1,0,0,0,0,0
DS_IMG_2543.jpg,1,0,0,0,0,0
DS_IMG_2773.jpg,1,0,0,0,0,0
DS_IMG_2478.jpg,0,1,0,0,0,0
DS_IMG_3050.jpg,0,0,0,1,0,0
DS_IMG_674.jpg,0,0,0,1,0,0
DS_IMG_2929.jpg,1,0,0,0,0,0
DS_IMG_3092.jpg,1,0,0,0,0,0
DS_IMG_1029.jpg,0,1,0,0,0,0
DS_IMG_2423.jpg,1,0,0,0,0,0
DS_IMG_168.jpg,0,0,0,0,1,0
DS_IMG_2691.jpg,1,0,0,0,0,0
DS_IMG_3047.jpg,0,0,0,0,1,0
DS_IMG_2552.jpg,1,0,0,0,0,0
DS_IMG_1058.jpg,1,0,0,0,0,0
DS_IMG_2588.jpg,1,0,0,0,0,0
DS_IMG_1740.jpg,1,0,0,0,0,0
DS_IMG_1172.jpg,0,1,0,0,0,0
DS_IMG_1705.jpg,1,0,0,0,0,0
DS_IMG_793.jpg,1,0,0,0,0,0
DS_IMG_3138.jpg,1,0,0,0,0,0
DS_IMG_2582.jpg,0,1,0,0,0,0
DS_IMG_776.jpg,1,0,0,0,0,0
DS_IMG_315.jpg,0,0,1,0,0,0
DS_IMG_2839.jpg,1,0,0,0,0,0
DS_IMG_1593.jpg,1,0,0,0,0,0
DS_IMG_692.jpg,0,0,0,0,0,1
DS_IMG_1161.jpg,0,0,0,0,0,1
DS_IMG_1551.jpg,0,0,1,0,0,0
DS_IMG_479.jpg,0,1,0,0,0,0
DS_IMG_3143.jpg,1,0,0,0,0,0
DS_IMG_2146.jpg,1,0,0,0,0,0
DS_IMG_1488.jpg,1,0,0,0,0,0
DS_IMG_2970.jpg,1,0,0,0,0,0
DS_IMG_1938.jpg,1,0,0,0,0,0
DS_IMG_1280.jpg,1,0,0,0,0,0
DS_IMG_2544.jpg,1,0,0,0,0,0
DS_IMG_330.jpg,0,0,1,0,0,0
DS_IMG_2317.jpg,1,0,0,0,0,0
DS_IMG_1297.jpg,0,1,0,0,0,0
DS_IMG_2951.jpg,1,0,0,0,0,0
DS_IMG_2844.jpg,1,0,0,0,0,0
DS_IMG_3110.jpg,0,1,0,0,0,0
DS_IMG_1840.jpg,1,0,0,0,0,0
DS_IMG_2701.jpg,1,0,0,0,0,0
DS_IMG_2401.jpg,1,0,0,0,0,0
DS_IMG_2715.jpg,1,0,0,0,0,0
DS_IMG_1975.jpg,1,0,0,0,0,0
DS_IMG_1939.jpg,1,0,0,0,0,0
DS_IMG_850.jpg,1,0,0,0,0,0
DS_IMG_3237.jpg,1,0,0,0,0,0
DS_IMG_105.jpg,1,0,0,0,0,0
DS_IMG_1124.jpg,1,0,0,0,0,0
DS_IMG_1437.jpg,1,0,0,0,0,0
DS_IMG_3131.jpg,1,0,0,0,0,0
DS_IMG_1732.jpg,1,0,0,0,0,0
DS_IMG_447.jpg,0,1,0,0,0,0
DS_IMG_2099.jpg,1,0,0,0,0,0
DS_IMG_918.jpg,0,1,0,0,0,0
DS_IMG_158.jpg,1,0,0,0,0,0
DS_IMG_1708.jpg,1,0,0,0,0,0
DS_IMG_2775.jpg,0,1,0,0,0,0
DS_IMG_2071.jpg,1,0,0,0,0,0
DS_IMG_2737.jpg,1,0,0,0,0,0
DS_IMG_1886.jpg,1,0,0,0,0,0
DS_IMG_264.jpg,1,0,0,0,0,0
DS_IMG_1156.jpg,1,0,0,0,0,0
DS_IMG_1017.jpg,1,0,0,0,0,0
DS_IMG_1963.jpg,1,0,0,0,0,0
DS_IMG_1013.jpg,1,0,0,0,0,0
DS_IMG_771.jpg,1,0,0,0,0,0
DS_IMG_1292.jpg,0,1,0,0,0,0
DS_IMG_1754.jpg,1,0,0,0,0,0
DS_IMG_2217.jpg,1,0,0,0,0,0
DS_IMG_2686.jpg,1,0,0,0,0,0
DS_IMG_977.jpg,0,1,0,0,0,0
DS_IMG_1192.jpg,0,1,0,0,0,0
DS_IMG_3256.jpg,1,0,0,0,0,0
DS_IMG_512.jpg,0,0,1,0,0,0
DS_IMG_1935.jpg,1,0,0,0,0,0
DS_IMG_3188.jpg,1,0,0,0,0,0
DS_IMG_980.jpg,0,0,0,1,0,0
DS_IMG_923.jpg,1,0,0,0,0,0
DS_IMG_1663.jpg,0,1,0,0,0,0
DS_IMG_454.jpg,1,0,0,0,0,0
DS_IMG_1964.jpg,1,0,0,0,0,0
DS_IMG_681.jpg,0,1,0,0,0,0
DS_IMG_1436.jpg,1,0,0,0,0,0
DS_IMG_1900.jpg,1,0,0,0,0,0
DS_IMG_3251.jpg,1,0,0,0,0,0
DS_IMG_233.jpg,1,0,0,0,0,0
DS_IMG_1271.jpg,0,1,0,0,0,0
DS_IMG_1250.jpg,1,0,0,0,0,0
DS_IMG_2148.jpg,1,0,0,0,0,0
DS_IMG_728.jpg,1,0,0,0,0,0
DS_IMG_90.jpg,1,0,0,0,0,0
DS_IMG_3159.jpg,1,0,0,0,0,0
DS_IMG_2190.jpg,1,0,0,0,0,0
DS_IMG_2597.jpg,1,0,0,0,0,0
DS_IMG_3207.jpg,0,0,1,0,0,0
DS_IMG_2734.jpg,1,0,0,0,0,0
DS_IMG_1330.jpg,1,0,0,0,0,0
DS_IMG_808.jpg,1,0,0,0,0,0
DS_IMG_3232.jpg,0,1,0,0,0,0
DS_IMG_2928.jpg,0,0,1,0,0,0
DS_IMG_2619.jpg,1,0,0,0,0,0
DS_IMG_357.jpg,1,0,0,0,0,0
DS_IMG_792.jpg,1,0,0,0,0,0
DS_IMG_489.jpg,1,0,0,0,0,0
DS_IMG_2846.jpg,1,0,0,0,0,0
DS_IMG_1980.jpg,1,0,0,0,0,0
DS_IMG_1065.jpg,1,0,0,0,0,0
DS_IMG_1910.jpg,1,0,0,0,0,0
DS_IMG_2191.jpg,1,0,0,0,0,0
DS_IMG_1855.jpg,1,0,0,0,0,0
DS_IMG_2988.jpg,1,0,0,0,0,0
DS_IMG_1076.jpg,0,0,0,1,0,0
DS_IMG_3212.jpg,0,1,0,0,0,0
DS_IMG_2573.jpg,1,0,0,0,0,0
DS_IMG_822.jpg,0,1,0,0,0,0
DS_IMG_3028.jpg,1,0,0,0,0,0
DS_IMG_3243.jpg,1,0,0,0,0,0
DS_IMG_36.jpg,0,0,0,1,0,0
DS_IMG_1459.jpg,1,0,0,0,0,0
DS_IMG_1802.jpg,1,0,0,0,0,0
DS_IMG_1193.jpg,0,1,0,0,0,0
DS_IMG_1369.jpg,0,1,0,0,0,0
DS_IMG_2454.jpg,1,0,0,0,0,0
DS_IMG_2374.jpg,1,0,0,0,0,0
DS_IMG_2228.jpg,1,0,0,0,0,0
DS_IMG_1858.jpg,1,0,0,0,0,0
DS_IMG_1971.jpg,1,0,0,0,0,0
DS_IMG_1985.jpg,1,0,0,0,0,0
DS_IMG_2209.jpg,1,0,0,0,0,0
DS_IMG_1066.jpg,0,1,0,0,0,0
DS_IMG_2074.jpg,1,0,0,0,0,0
DS_IMG_127.jpg,1,0,0,0,0,0
DS_IMG_155.jpg,1,0,0,0,0,0
DS_IMG_2439.jpg,1,0,0,0,0,0
DS_IMG_1856.jpg,1,0,0,0,0,0
DS_IMG_3230.jpg,1,0,0,0,0,0
DS_IMG_777.jpg,1,0,0,0,0,0
DS_IMG_2721.jpg,0,1,0,0,0,0
DS_IMG_2610.jpg,1,0,0,0,0,0
DS_IMG_3297.jpg,1,0,0,0,0,0
DS_IMG_1546.jpg,1,0,0,0,0,0
DS_IMG_1501.jpg,1,0,0,0,0,0
DS_IMG_3277.jpg,0,1,0,0,0,0
DS_IMG_1730.jpg,1,0,0,0,0,0
DS_IMG_1776.jpg,1,0,0,0,0,0
DS_IMG_1893.jpg,1,0,0,0,0,0
DS_IMG_424.jpg,0,0,1,0,0,0
DS_IMG_402.jpg,1,0,0,0,0,0
DS_IMG_1533.jpg,0,1,0,0,0,0
DS_IMG_2491.jpg,1,0,0,0,0,0
DS_IMG_2321.jpg,1,0,0,0,0,0
DS_IMG_2247.jpg,1,0,0,0,0,0
DS_IMG_3011.jpg,1,0,0,0,0,0
DS_IMG_2851.jpg,1,0,0,0,0,0
DS_IMG_2194.jpg,1,0,0,0,0,0
DS_IMG_1545.jpg,0,1,0,0,0,0
DS_IMG_600.jpg,0,0,1,0,0,0
DS_IMG_1806.jpg,1,0,0,0,0,0
DS_IMG_2085.jpg,1,0,0,0,0,0
DS_IMG_2070.jpg,1,0,0,0,0,0
DS_IMG_737.jpg,1,0,0,0,0,0
DS_IMG_2308.jpg,1,0,0,0,0,0
DS_IMG_374.jpg,0,0,1,0,0,0
DS_IMG_2501.jpg,1,0,0,0,0,0
DS_IMG_543.jpg,1,0,0,0,0,0
DS_IMG_1819.jpg,0,1,0,0,0,0
DS_IMG_855.jpg,1,0,0,0,0,0
DS_IMG_1816.jpg,0,0,0,1,0,0
DS_IMG_39.jpg,0,0,0,1,0,0
DS_IMG_88.jpg,1,0,0,0,0,0
DS_IMG_2889.jpg,1,0,0,0,0,0
DS_IMG_2770.jpg,1,0,0,0,0,0
DS_IMG_1245.jpg,1,0,0,0,0,0
DS_IMG_97.jpg,1,0,0,0,0,0
DS_IMG_1479.jpg,1,0,0,0,0,0
DS_IMG_1261.jpg,0,1,0,0,0,0
DS_IMG_1614.jpg,1,0,0,0,0,0
DS_IMG_2101.jpg,1,0,0,0,0,0
DS_IMG_2999.jpg,0,1,0,0,0,0
DS_IMG_3189.jpg,1,0,0,0,0,0
DS_IMG_2047.jpg,0,0,1,0,0,0
DS_IMG_798.jpg,0,0,0,0,0,1
DS_IMG_1788.jpg,1,0,0,0,0,0
DS_IMG_1405.jpg,1,0,0,0,0,0
DS_IMG_837.jpg,0,0,1,0,0,0
DS_IMG_385.jpg,1,0,0,0,0,0
DS_IMG_2932.jpg,0,1,0,0,0,0
DS_IMG_1286.jpg,0,0,0,1,0,0
DS_IMG_969.jpg,0,1,0,0,0,0
DS_IMG_1997.jpg,1,0,0,0,0,0
DS_IMG_993.jpg,0,0,0,0,0,1
DS_IMG_882.jpg,1,0,0,0,0,0
DS_IMG_2473.jpg,1,0,0,0,0,0
DS_IMG_2390.jpg,1,0,0,0,0,0
DS_IMG_231.jpg,1,0,0,0,0,0
DS_IMG_1626.jpg,1,0,0,0,0,0
DS_IMG_3096.jpg,0,1,0,0,0,0
DS_IMG_3129.jpg,1,0,0,0,0,0
DS_IMG_27.jpg,1,0,0,0,0,0
DS_IMG_805.jpg,1,0,0,0,0,0
DS_IMG_2220.jpg,1,0,0,0,0,0
DS_IMG_1332.jpg,1,0,0,0,0,0
DS_IMG_265.jpg,0,0,1,0,0,0
DS_IMG_3036.jpg,1,0,0,0,0,0
DS_IMG_612.jpg,1,0,0,0,0,0
DS_IMG_3227.jpg,1,0,0,0,0,0
DS_IMG_2268.jpg,0,1,0,0,0,0
DS_IMG_2157.jpg,1,0,0,0,0,0
DS_IMG_2077.jpg,1,0,0,0,0,0
DS_IMG_1061.jpg,0,0,0,1,0,0
DS_IMG_1609.jpg,1,0,0,0,0,0
DS_IMG_70.jpg,0,0,0,1,0,0
DS_IMG_2798.jpg,0,1,0,0,0,0
DS_IMG_1982.jpg,1,0,0,0,0,0
DS_IMG_64.jpg,0,0,0,1,0,0
DS_IMG_2855.jpg,1,0,0,0,0,0
DS_IMG_3234.jpg,1,0,0,0,0,0
DS_IMG_1560.jpg,1,0,0,0,0,0
DS_IMG_2064.jpg,1,0,0,0,0,0
DS_IMG_3176.jpg,1,0,0,0,0,0
DS_IMG_641.jpg,1,0,0,0,0,0
DS_IMG_2144.jpg,1,0,0,0,0,0
DS_IMG_3009.jpg,1,0,0,0,0,0
DS_IMG_184.jpg,1,0,0,0,0,0
DS_IMG_2624.jpg,1,0,0,0,0,0
DS_IMG_3203.jpg,1,0,0,0,0,0
DS_IMG_2029.jpg,1,0,0,0,0,0
DS_IMG_1446.jpg,1,0,0,0,0,0
DS_IMG_1219.jpg,0,0,0,0,0,1
DS_IMG_1267.jpg,1,0,0,0,0,0
DS_IMG_1948.jpg,0,0,0,0,1,0
DS_IMG_2946.jpg,1,0,0,0,0,0
DS_IMG_1513.jpg,1,0,0,0,0,0
DS_IMG_224.jpg,0,1,0,0,0,0
DS_IMG_2848.jpg,1,0,0,0,0,0
DS_IMG_3100.jpg,0,1,0,0,0,0
DS_IMG_836.jpg,1,0,0,0,0,0
DS_IMG_1928.jpg,1,0,0,0,0,0
DS_IMG_1493.jpg,1,0,0,0,0,0
DS_IMG_3020.jpg,1,0,0,0,0,0
DS_IMG_420.jpg,1,0,0,0,0,0
DS_IMG_246.jpg,0,0,1,0,0,0
DS_IMG_2010.jpg,1,0,0,0,0,0
DS_IMG_1725.jpg,1,0,0,0,0,0
DS_IMG_431.jpg,0,0,1,0,0,0
DS_IMG_174.jpg,1,0,0,0,0,0
DS_IMG_2883.jpg,1,0,0,0,0,0
DS_IMG_1637.jpg,1,0,0,0,0,0
DS_IMG_3112.jpg,0,1,0,0,0,0
DS_IMG_1469.jpg,0,1,0,0,0,0
DS_IMG_3027.jpg,1,0,0,0,0,0
DS_IMG_1949.jpg,1,0,0,0,0,0
DS_IMG_3080.jpg,1,0,0,0,0,0
DS_IMG_2860.jpg,1,0,0,0,0,0
DS_IMG_2642.jpg,1,0,0,0,0,0
DS_IMG_280.jpg,0,0,0,0,0,1
DS_IMG_870.jpg,0,0,0,0,0,1
DS_IMG_1231.jpg,1,0,0,0,0,0
DS_IMG_2679.jpg,1,0,0,0,0,0
DS_IMG_3210.jpg,1,0,0,0,0,0
DS_IMG_2302.jpg,1,0,0,0,0,0
DS_IMG_2813.jpg,1,0,0,0,0,0
DS_IMG_1607.jpg,1,0,0,0,0,0
DS_IMG_2863.jpg,1,0,0,0,0,0
DS_IMG_2406.jpg,1,0,0,0,0,0
DS_IMG_1514.jpg,0,0,0,1,0,0
DS_IMG_1087.jpg,0,0,0,0,0,1
DS_IMG_2989.jpg,0,0,0,0,1,0
DS_IMG_1181.jpg,0,0,0,0,0,1
DS_IMG_1539.jpg,1,0,0,0,0,0
DS_IMG_1887.jpg,1,0,0,0,0,0
DS_IMG_783.jpg,0,1,0,0,0,0
DS_IMG_1766.jpg,1,0,0,0,0,0
DS_IMG_690.jpg,0,0,1,0,0,0
DS_IMG_474.jpg,0,0,1,0,0,0
DS_IMG_1350.jpg,1,0,0,0,0,0
DS_IMG_261.jpg,0,0,1,0,0,0
DS_IMG_1667.jpg,0,0,1,0,0,0
DS_IMG_726.jpg,0,0,0,0,0,1
DS_IMG_476.jpg,0,0,0,1,0,0
DS_IMG_2073.jpg,1,0,0,0,0,0
DS_IMG_1406.jpg,1,0,0,0,0,0
DS_IMG_1639.jpg,1,0,0,0,0,0
DS_IMG_1335.jpg,0,1,0,0,0,0
DS_IMG_3150.jpg,1,0,0,0,0,0
DS_IMG_1291.jpg,0,1,0,0,0,0
DS_IMG_1532.jpg,1,0,0,0,0,0
DS_IMG_2960.jpg,0,0,0,1,0,0
DS_IMG_1194.jpg,0,0,0,1,0,0
DS_IMG_880.jpg,1,0,0,0,0,0
DS_IMG_2784.jpg,0,1,0,0,0,0
DS_IMG_2413.jpg,1,0,0,0,0,0
DS_IMG_2382.jpg,1,0,0,0,0,0
DS_IMG_2841.jpg,1,0,0,0,0,0
DS_IMG_3086.jpg,0,1,0,0,0,0
DS_IMG_2253.jpg,0,0,1,0,0,0
DS_IMG_1954.jpg,1,0,0,0,0,0
DS_IMG_1555.jpg,1,0,0,0,0,0
DS_IMG_2111.jpg,0,1,0,0,0,0
DS_IMG_2178.jpg,1,0,0,0,0,0
DS_IMG_1577.jpg,0,1,0,0,0,0
DS_IMG_1290.jpg,1,0,0,0,0,0
DS_IMG_2982.jpg,1,0,0,0,0,0
DS_IMG_613.jpg,1,0,0,0,0,0
DS_IMG_1716.jpg,1,0,0,0,0,0
DS_IMG_895.jpg,0,1,0,0,0,0
DS_IMG_2917.jpg,1,0,0,0,0,0
DS_IMG_95.jpg,0,1,0,0,0,0
DS_IMG_1472.jpg,1,0,0,0,0,0
DS_IMG_1247.jpg,0,1,0,0,0,0
DS_IMG_997.jpg,0,1,0,0,0,0
DS_IMG_3266.jpg,0,1,0,0,0,0
DS_IMG_2135.jpg,1,0,0,0,0,0
DS_IMG_2444.jpg,0,0,0,0,0,1
DS_IMG_53.jpg,0,0,0,1,0,0
DS_IMG_1448.jpg,1,0,0,0,0,0
DS_IMG_1301.jpg,1,0,0,0,0,0
DS_IMG_2503.jpg,0,1,0,0,0,0
DS_IMG_1894.jpg,1,0,0,0,0,0
DS_IMG_1375.jpg,0,1,0,0,0,0
DS_IMG_379.jpg,0,0,1,0,0,0
DS_IMG_346.jpg,0,0,1,0,0,0
DS_IMG_2126.jpg,1,0,0,0,0,0
DS_IMG_907.jpg,0,0,1,0,0,0
DS_IMG_915.jpg,0,1,0,0,0,0
DS_IMG_2331.jpg,1,0,0,0,0,0
DS_IMG_1462.jpg,0,1,0,0,0,0
DS_IMG_2437.jpg,1,0,0,0,0,0
DS_IMG_226.jpg,0,0,0,0,1,0
DS_IMG_172.jpg,0,1,0,0,0,0
DS_IMG_725.jpg,0,0,1,0,0,0
DS_IMG_1673.jpg,1,0,0,0,0,0
DS_IMG_2243.jpg,1,0,0,0,0,0
DS_IMG_1095.jpg,0,1,0,0,0,0
DS_IMG_2012.jpg,1,0,0,0,0,0
DS_IMG_2888.jpg,1,0,0,0,0,0
DS_IMG_1906.jpg,1,0,0,0,0,0
DS_IMG_2488.jpg,1,0,0,0,0,0
DS_IMG_3097.jpg,1,0,0,0,0,0
DS_IMG_1590.jpg,1,0,0,0,0,0
DS_IMG_63.jpg,0,0,0,1,0,0
DS_IMG_2384.jpg,1,0,0,0,0,0
DS_IMG_1316.jpg,0,1,0,0,0,0
DS_IMG_2685.jpg,0,1,0,0,0,0
DS_IMG_3103.jpg,1,0,0,0,0,0
DS_IMG_1490.jpg,1,0,0,0,0,0
DS_IMG_781.jpg,0,1,0,0,0,0
DS_IMG_3242.jpg,1,0,0,0,0,0
DS_IMG_3141.jpg,1,0,0,0,0,0
DS_IMG_853.jpg,1,0,0,0,0,0
DS_IMG_556.jpg,0,0,1,0,0,0
DS_IMG_2145.jpg,1,0,0,0,0,0
DS_IMG_1968.jpg,1,0,0,0,0,0
DS_IMG_149.jpg,0,0,0,0,1,0
DS_IMG_679.jpg,0,0,0,1,0,0
DS_IMG_1063.jpg,1,0,0,0,0,0
DS_IMG_823.jpg,1,0,0,0,0,0
DS_IMG_3001.jpg,1,0,0,0,0,0
DS_IMG_2356.jpg,1,0,0,0,0,0
DS_IMG_1837.jpg,1,0,0,0,0,0
DS_IMG_1016.jpg,0,0,0,1,0,0
DS_IMG_3146.jpg,1,0,0,0,0,0
DS_IMG_667.jpg,1,0,0,0,0,0
DS_IMG_2015.jpg,1,0,0,0,0,0
DS_IMG_18.jpg,0,0,0,1,0,0
DS_IMG_582.jpg,0,0,1,0,0,0
DS_IMG_631.jpg,0,0,1,0,0,0
DS_IMG_921.jpg,1,0,0,0,0,0
DS_IMG_2555.jpg,0,1,0,0,0,0
DS_IMG_2025.jpg,1,0,0,0,0,0
DS_IMG_2363.jpg,1,0,0,0,0,0
DS_IMG_1396.jpg,1,0,0,0,0,0
DS_IMG_481.jpg,1,0,0,0,0,0
DS_IMG_2091.jpg,1,0,0,0,0,0
DS_IMG_1775.jpg,1,0,0,0,0,0
DS_IMG_1329.jpg,1,0,0,0,0,0
DS_IMG_2078.jpg,0,1,0,0,0,0
DS_IMG_828.jpg,0,0,0,1,0,0
DS_IMG_2005.jpg,1,0,0,0,0,0
DS_IMG_1460.jpg,0,1,0,0,0,0
DS_IMG_583.jpg,0,0,1,0,0,0
DS_IMG_968.jpg,0,1,0,0,0,0
DS_IMG_3034.jpg,1,0,0,0,0,0
DS_IMG_2175.jpg,1,0,0,0,0,0
DS_IMG_299.jpg,0,0,1,0,0,0
DS_IMG_1945.jpg,1,0,0,0,0,0
DS_IMG_20.jpg,1,0,0,0,0,0
DS_IMG_2290.jpg,0,1,0,0,0,0
DS_IMG_156.jpg,0,0,0,0,1,0
DS_IMG_436.jpg,1,0,0,0,0,0
DS_IMG_724.jpg,1,0,0,0,0,0
DS_IMG_2906.jpg,1,0,0,0,0,0
DS_IMG_3292.jpg,1,0,0,0,0,0
DS_IMG_3164.jpg,1,0,0,0,0,0
DS_IMG_839.jpg,0,1,0,0,0,0
DS_IMG_2827.jpg,0,0,1,0,0,0
DS_IMG_2487.jpg,1,0,0,0,0,0
DS_IMG_1962.jpg,0,1,0,0,0,0
DS_IMG_888.jpg,1,0,0,0,0,0
DS_IMG_2319.jpg,1,0,0,0,0,0
DS_IMG_1735.jpg,1,0,0,0,0,0
DS_IMG_1050.jpg,0,0,0,1,0,0
DS_IMG_2572.jpg,0,1,0,0,0,0
DS_IMG_1143.jpg,0,0,0,0,0,1
DS_IMG_1113.jpg,0,1,0,0,0,0
DS_IMG_1956.jpg,1,0,0,0,0,0
DS_IMG_577.jpg,1,0,0,0,0,0
DS_IMG_945.jpg,1,0,0,0,0,0
DS_IMG_1478.jpg,1,0,0,0,0,0
DS_IMG_2743.jpg,1,0,0,0,0,0
DS_IMG_2684.jpg,1,0,0,0,0,0
DS_IMG_2834.jpg,1,0,0,0,0,0
DS_IMG_2621.jpg,1,0,0,0,0,0
DS_IMG_1476.jpg,0,1,0,0,0,0
DS_IMG_999.jpg,1,0,0,0,0,0
DS_IMG_2165.jpg,1,0,0,0,0,0
DS_IMG_751.jpg,1,0,0,0,0,0
DS_IMG_1872.jpg,0,0,1,0,0,0
DS_IMG_15.jpg,0,0,0,0,0,1
DS_IMG_183.jpg,1,0,0,0,0,0
DS_IMG_3061.jpg,0,0,0,1,0,0
DS_IMG_2128.jpg,1,0,0,0,0,0
DS_IMG_2986.jpg,0,0,0,0,0,1
DS_IMG_2810.jpg,1,0,0,0,0,0
DS_IMG_2923.jpg,1,0,0,0,0,0
DS_IMG_1661.jpg,0,1,0,0,0,0
DS_IMG_2065.jpg,1,0,0,0,0,0
DS_IMG_3145.jpg,1,0,0,0,0,0
DS_IMG_3272.jpg,1,0,0,0,0,0
DS_IMG_263.jpg,1,0,0,0,0,0
DS_IMG_108.jpg,0,0,0,1,0,0
DS_IMG_439.jpg,0,0,1,0,0,0
DS_IMG_1833.jpg,0,1,0,0,0,0
DS_IMG_2275.jpg,1,0,0,0,0,0
DS_IMG_3300.jpg,1,0,0,0,0,0
DS_IMG_1114.jpg,1,0,0,0,0,0
DS_IMG_434.jpg,1,0,0,0,0,0
DS_IMG_896.jpg,1,0,0,0,0,0
DS_IMG_1361.jpg,0,1,0,0,0,0
DS_IMG_1002.jpg,1,0,0,0,0,0
DS_IMG_730.jpg,0,1,0,0,0,0
DS_IMG_1429.jpg,1,0,0,0,0,0
DS_IMG_1434.jpg,0,1,0,0,0,0
DS_IMG_643.jpg,1,0,0,0,0,0
DS_IMG_2129.jpg,1,0,0,0,0,0
DS_IMG_2959.jpg,1,0,0,0,0,0
DS_IMG_1561.jpg,0,1,0,0,0,0
DS_IMG_2280.jpg,0,0,0,0,1,0
DS_IMG_2741.jpg,1,0,0,0,0,0
DS_IMG_2902.jpg,1,0,0,0,0,0
DS_IMG_3102.jpg,0,1,0,0,0,0
DS_IMG_393.jpg,1,0,0,0,0,0
DS_IMG_2885.jpg,1,0,0,0,0,0
DS_IMG_3175.jpg,1,0,0,0,0,0
DS_IMG_352.jpg,0,1,0,0,0,0
DS_IMG_1320.jpg,0,1,0,0,0,0
DS_IMG_2116.jpg,0,1,0,0,0,0
DS_IMG_1055.jpg,1,0,0,0,0,0
DS_IMG_1794.jpg,0,1,0,0,0,0
DS_IMG_3296.jpg,0,1,0,0,0,0
DS_IMG_2230.jpg,1,0,0,0,0,0
DS_IMG_899.jpg,0,1,0,0,0,0
DS_IMG_1455.jpg,1,0,0,0,0,0
DS_IMG_965.jpg,1,0,0,0,0,0
DS_IMG_2635.jpg,0,0,0,1,0,0
DS_IMG_1697.jpg,1,0,0,0,0,0
DS_IMG_1128.jpg,1,0,0,0,0,0
DS_IMG_493.jpg,1,0,0,0,0,0
DS_IMG_2554.jpg,1,0,0,0,0,0
DS_IMG_1220.jpg,1,0,0,0,0,0
DS_IMG_1580.jpg,1,0,0,0,0,0
DS_IMG_711.jpg,1,0,0,0,0,0
DS_IMG_3137.jpg,0,0,1,0,0,0
DS_IMG_286.jpg,0,0,1,0,0,0
DS_IMG_522.jpg,0,0,1,0,0,0
DS_IMG_2551.jpg,1,0,0,0,0,0
DS_IMG_1035.jpg,0,1,0,0,0,0
DS_IMG_2440.jpg,1,0,0,0,0,0
DS_IMG_1797.jpg,1,0,0,0,0,0
DS_IMG_1899.jpg,1,0,0,0,0,0
DS_IMG_2945.jpg,0,1,0,0,0,0
DS_IMG_1293.jpg,0,1,0,0,0,0
DS_IMG_2474.jpg,1,0,0,0,0,0
DS_IMG_1750.jpg,0,1,0,0,0,0
DS_IMG_419.jpg,0,0,1,0,0,0
DS_IMG_2169.jpg,1,0,0,0,0,0
DS_IMG_1040.jpg,1,0,0,0,0,0
DS_IMG_1125.jpg,0,1,0,0,0,0
DS_IMG_2884.jpg,1,0,0,0,0,0
DS_IMG_1233.jpg,0,1,0,0,0,0
DS_IMG_2143.jpg,0,0,0,0,1,0
DS_IMG_313.jpg,1,0,0,0,0,0
DS_IMG_2324.jpg,1,0,0,0,0,0
DS_IMG_2612.jpg,1,0,0,0,0,0
DS_IMG_559.jpg,1,0,0,0,0,0
DS_IMG_1387.jpg,1,0,0,0,0,0
DS_IMG_2854.jpg,1,0,0,0,0,0
DS_IMG_126.jpg,1,0,0,0,0,0
DS_IMG_2412.jpg,1,0,0,0,0,0
DS_IMG_854.jpg,0,0,0,0,0,1
DS_IMG_1131.jpg,0,0,0,0,0,1
DS_IMG_248.jpg,0,1,0,0,0,0
DS_IMG_3205.jpg,1,0,0,0,0,0
DS_IMG_545.jpg,0,1,0,0,0,0
DS_IMG_807.jpg,0,1,0,0,0,0
DS_IMG_1080.jpg,0,1,0,0,0,0
DS_IMG_2186.jpg,1,0,0,0,0,0
DS_IMG_2046.jpg,1,0,0,0,0,0
DS_IMG_1977.jpg,1,0,0,0,0,0
DS_IMG_2222.jpg,1,0,0,0,0,0
DS_IMG_2018.jpg,1,0,0,0,0,0
DS_IMG_2011.jpg,1,0,0,0,0,0
DS_IMG_661.jpg,1,0,0,0,0,0
DS_IMG_1431.jpg,1,0,0,0,0,0
DS_IMG_715.jpg,1,0,0,0,0,0
DS_IMG_412.jpg,0,1,0,0,0,0
DS_IMG_2273.jpg,1,0,0,0,0,0
DS_IMG_1582.jpg,1,0,0,0,0,0
DS_IMG_2410.jpg,1,0,0,0,0,0
DS_IMG_2714.jpg,1,0,0,0,0,0
DS_IMG_295.jpg,1,0,0,0,0,0
DS_IMG_1152.jpg,0,1,0,0,0,0
DS_IMG_2921.jpg,1,0,0,0,0,0
DS_IMG_555.jpg,0,0,1,0,0,0
DS_IMG_3184.jpg,0,1,0,0,0,0
DS_IMG_2996.jpg,1,0,0,0,0,0
DS_IMG_642.jpg,0,1,0,0,0,0
DS_IMG_1504.jpg,1,0,0,0,0,0
DS_IMG_2389.jpg,0,0,0,1,0,0
DS_IMG_2627.jpg,1,0,0,0,0,0
DS_IMG_2056.jpg,0,0,0,1,0,0
DS_IMG_2589.jpg,0,1,0,0,0,0
DS_IMG_2264.jpg,0,0,1,0,0,0
DS_IMG_2950.jpg,1,0,0,0,0,0
DS_IMG_1325.jpg,0,1,0,0,0,0
DS_IMG_860.jpg,1,0,0,0,0,0
DS_IMG_1385.jpg,1,0,0,0,0,0
DS_IMG_466.jpg,0,0,1,0,0,0
DS_IMG_283.jpg,1,0,0,0,0,0
DS_IMG_438.jpg,0,0,0,1,0,0
DS_IMG_1990.jpg,1,0,0,0,0,0
DS_IMG_1946.jpg,1,0,0,0,0,0
DS_IMG_524.jpg,1,0,0,0,0,0
DS_IMG_276.jpg,1,0,0,0,0,0
DS_IMG_2262.jpg,1,0,0,0,0,0
DS_IMG_1367.jpg,0,1,0,0,0,0
DS_IMG_953.jpg,0,0,0,1,0,0
DS_IMG_1039.jpg,1,0,0,0,0,0
DS_IMG_1718.jpg,0,1,0,0,0,0
DS_IMG_2571.jpg,1,0,0,0,0,0
DS_IMG_2524.jpg,1,0,0,0,0,0
DS_IMG_2425.jpg,0,1,0,0,0,0
DS_IMG_503.jpg,1,0,0,0,0,0
DS_IMG_2506.jpg,1,0,0,0,0,0
DS_IMG_2631.jpg,1,0,0,0,0,0
DS_IMG_2768.jpg,1,0,0,0,0,0
DS_IMG_11.jpg,0,0,0,1,0,0
DS_IMG_2699.jpg,0,0,0,0,0,1
DS_IMG_1973.jpg,1,0,0,0,0,0
DS_IMG_978.jpg,1,0,0,0,0,0
DS_IMG_468.jpg,1,0,0,0,0,0
DS_IMG_1498.jpg,1,0,0,0,0,0
DS_IMG_549.jpg,0,0,1,0,0,0
DS_IMG_311.jpg,0,0,1,0,0,0
DS_IMG_1275.jpg,1,0,0,0,0,0
DS_IMG_2094.jpg,1,0,0,0,0,0
DS_IMG_1416.jpg,1,0,0,0,0,0
DS_IMG_2306.jpg,1,0,0,0,0,0
DS_IMG_2166.jpg,1,0,0,0,0,0
DS_IMG_2617.jpg,1,0,0,0,0,0
DS_IMG_2604.jpg,1,0,0,0,0,0
DS_IMG_1606.jpg,1,0,0,0,0,0
DS_IMG_1707.jpg,1,0,0,0,0,0
DS_IMG_1759.jpg,1,0,0,0,0,0
DS_IMG_1481.jpg,1,0,0,0,0,0
DS_IMG_3053.jpg,0,0,0,1,0,0
DS_IMG_1640.jpg,1,0,0,0,0,0
DS_IMG_10.jpg,0,0,0,1,0,0
DS_IMG_813.jpg,0,1,0,0,0,0
DS_IMG_900.jpg,1,0,0,0,0,0
DS_IMG_1983.jpg,1,0,0,0,0,0
DS_IMG_2348.jpg,1,0,0,0,0,0
DS_IMG_1862.jpg,1,0,0,0,0,0
DS_IMG_1554.jpg,1,0,0,0,0,0
DS_IMG_2361.jpg,1,0,0,0,0,0
DS_IMG_188.jpg,0,1,0,0,0,0
DS_IMG_1698.jpg,1,0,0,0,0,0
DS_IMG_2990.jpg,0,1,0,0,0,0
DS_IMG_1974.jpg,1,0,0,0,0,0
DS_IMG_2231.jpg,1,0,0,0,0,0
DS_IMG_733.jpg,1,0,0,0,0,0
DS_IMG_866.jpg,0,0,1,0,0,0
DS_IMG_1450.jpg,0,1,0,0,0,0
DS_IMG_2525.jpg,1,0,0,0,0,0
DS_IMG_561.jpg,1,0,0,0,0,0
DS_IMG_1970.jpg,1,0,0,0,0,0
DS_IMG_111.jpg,1,0,0,0,0,0
DS_IMG_735.jpg,1,0,0,0,0,0
DS_IMG_173.jpg,1,0,0,0,0,0
DS_IMG_1883.jpg,1,0,0,0,0,0
DS_IMG_1524.jpg,0,1,0,0,0,0
DS_IMG_3094.jpg,0,1,0,0,0,0
DS_IMG_80.jpg,1,0,0,0,0,0
DS_IMG_3231.jpg,1,0,0,0,0,0
DS_IMG_307.jpg,1,0,0,0,0,0
DS_IMG_1908.jpg,1,0,0,0,0,0
DS_IMG_2482.jpg,1,0,0,0,0,0
DS_IMG_1671.jpg,0,1,0,0,0,0
DS_IMG_2124.jpg,1,0,0,0,0,0
DS_IMG_1184.jpg,0,0,0,0,0,1
DS_IMG_1475.jpg,1,0,0,0,0,0
DS_IMG_1014.jpg,0,1,0,0,0,0
DS_IMG_1540.jpg,1,0,0,0,0,0
DS_IMG_1516.jpg,1,0,0,0,0,0
DS_IMG_1182.jpg,0,0,0,0,0,1
DS_IMG_2333.jpg,1,0,0,0,0,0
DS_IMG_1451.jpg,0,1,0,0,0,0
DS_IMG_2118.jpg,1,0,0,0,0,0
DS_IMG_3254.jpg,1,0,0,0,0,0
DS_IMG_651.jpg,0,0,1,0,0,0
DS_IMG_2941.jpg,1,0,0,0,0,0
DS_IMG_3060.jpg,1,0,0,0,0,0
DS_IMG_363.jpg,1,0,0,0,0,0
DS_IMG_677.jpg,1,0,0,0,0,0
DS_IMG_2769.jpg,1,0,0,0,0,0
DS_IMG_1370.jpg,1,0,0,0,0,0
DS_IMG_3123.jpg,0,1,0,0,0,0
DS_IMG_658.jpg,1,0,0,0,0,0
DS_IMG_2901.jpg,0,0,0,0,0,1
DS_IMG_2837.jpg,1,0,0,0,0,0
DS_IMG_609.jpg,0,1,0,0,0,0
DS_IMG_303.jpg,1,0,0,0,0,0
DS_IMG_2354.jpg,0,1,0,0,0,0
DS_IMG_2080.jpg,1,0,0,0,0,0
DS_IMG_2409.jpg,1,0,0,0,0,0
DS_IMG_3032.jpg,0,0,0,0,0,1
DS_IMG_462.jpg,0,0,1,0,0,0
DS_IMG_2653.jpg,1,0,0,0,0,0
DS_IMG_3013.jpg,1,0,0,0,0,0
DS_IMG_2887.jpg,0,0,0,1,0,0
DS_IMG_23.jpg,0,0,0,1,0,0
DS_IMG_2251.jpg,1,0,0,0,0,0
DS_IMG_2722.jpg,1,0,0,0,0,0
DS_IMG_2181.jpg,1,0,0,0,0,0
DS_IMG_1119.jpg,1,0,0,0,0,0
DS_IMG_1842.jpg,1,0,0,0,0,0
DS_IMG_1025.jpg,0,1,0,0,0,0
DS_IMG_1338.jpg,0,1,0,0,0,0
DS_IMG_2893.jpg,1,0,0,0,0,0
DS_IMG_2786.jpg,1,0,0,0,0,0
DS_IMG_1365.jpg,1,0,0,0,0,0
DS_IMG_1412.jpg,0,1,0,0,0,0
DS_IMG_1077.jpg,0,0,1,0,0,0
DS_IMG_197.jpg,1,0,0,0,0,0
DS_IMG_696.jpg,0,0,1,0,0,0
DS_IMG_1032.jpg,0,1,0,0,0,0
DS_IMG_574.jpg,0,0,1,0,0,0
DS_IMG_2252.jpg,1,0,0,0,0,0
DS_IMG_2180.jpg,1,0,0,0,0,0
DS_IMG_2386.jpg,1,0,0,0,0,0
DS_IMG_322.jpg,0,1,0,0,0,0
DS_IMG_2566.jpg,1,0,0,0,0,0
DS_IMG_542.jpg,1,0,0,0,0,0
DS_IMG_570.jpg,1,0,0,0,0,0
DS_IMG_2634.jpg,1,0,0,0,0,0
DS_IMG_2807.jpg,1,0,0,0,0,0
DS_IMG_2314.jpg,1,0,0,0,0,0
DS_IMG_2926.jpg,1,0,0,0,0,0
DS_IMG_2288.jpg,1,0,0,0,0,0
DS_IMG_3274.jpg,0,0,1,0,0,0
DS_IMG_328.jpg,1,0,0,0,0,0
DS_IMG_1373.jpg,0,1,0,0,0,0
DS_IMG_779.jpg,1,0,0,0,0,0
DS_IMG_654.jpg,0,0,1,0,0,0
DS_IMG_2486.jpg,0,1,0,0,0,0
DS_IMG_502.jpg,1,0,0,0,0,0
DS_IMG_2371.jpg,0,1,0,0,0,0
DS_IMG_338.jpg,0,0,1,0,0,0
DS_IMG_1965.jpg,1,0,0,0,0,0
DS_IMG_157.jpg,0,0,0,1,0,0
DS_IMG_1505.jpg,1,0,0,0,0,0
DS_IMG_1331.jpg,0,1,0,0,0,0
DS_IMG_113.jpg,0,0,0,1,0,0
DS_IMG_1765.jpg,0,1,0,0,0,0
DS_IMG_801.jpg,1,0,0,0,0,0
DS_IMG_131.jpg,1,0,0,0,0,0
DS_IMG_1544.jpg,0,1,0,0,0,0
DS_IMG_1651.jpg,0,1,0,0,0,0
DS_IMG_92.jpg,1,0,0,0,0,0
DS_IMG_1241.jpg,1,0,0,0,0,0
DS_IMG_1643.jpg,0,1,0,0,0,0
DS_IMG_830.jpg,0,1,0,0,0,0
DS_IMG_469.jpg,1,0,0,0,0,0
DS_IMG_3003.jpg,1,0,0,0,0,0
DS_IMG_3082.jpg,0,1,0,0,0,0
DS_IMG_1298.jpg,0,1,0,0,0,0
DS_IMG_994.jpg,0,0,0,1,0,0
DS_IMG_2263.jpg,1,0,0,0,0,0
DS_IMG_1823.jpg,1,0,0,0,0,0
DS_IMG_2870.jpg,1,0,0,0,0,0
DS_IMG_1828.jpg,1,0,0,0,0,0
DS_IMG_1790.jpg,1,0,0,0,0,0
DS_IMG_756.jpg,1,0,0,0,0,0
DS_IMG_957.jpg,1,0,0,0,0,0
DS_IMG_3067.jpg,0,0,0,1,0,0
DS_IMG_1503.jpg,1,0,0,0,0,0
DS_IMG_416.jpg,0,0,1,0,0,0
DS_IMG_1279.jpg,1,0,0,0,0,0
DS_IMG_2580.jpg,1,0,0,0,0,0
DS_IMG_2248.jpg,1,0,0,0,0,0
DS_IMG_940.jpg,0,0,0,0,0,1
DS_IMG_3136.jpg,0,1,0,0,0,0
DS_IMG_2595.jpg,1,0,0,0,0,0
DS_IMG_2907.jpg,1,0,0,0,0,0
DS_IMG_134.jpg,1,0,0,0,0,0
DS_IMG_2805.jpg,0,0,1,0,0,0
DS_IMG_3140.jpg,1,0,0,0,0,0
DS_IMG_2840.jpg,0,0,0,1,0,0
DS_IMG_2828.jpg,0,0,0,1,0,0
DS_IMG_2090.jpg,1,0,0,0,0,0
DS_IMG_3004.jpg,0,1,0,0,0,0
DS_IMG_50.jpg,1,0,0,0,0,0
DS_IMG_534.jpg,1,0,0,0,0,0
DS_IMG_2790.jpg,1,0,0,0,0,0
DS_IMG_1052.jpg,0,1,0,0,0,0
DS_IMG_847.jpg,0,1,0,0,0,0
DS_IMG_2652.jpg,1,0,0,0,0,0
DS_IMG_723.jpg,1,0,0,0,0,0
DS_IMG_451.jpg,0,1,0,0,0,0
DS_IMG_591.jpg,1,0,0,0,0,0
DS_IMG_1296.jpg,0,0,0,1,0,0
DS_IMG_987.jpg,1,0,0,0,0,0
DS_IMG_2436.jpg,1,0,0,0,0,0
DS_IMG_1132.jpg,0,1,0,0,0,0
DS_IMG_3273.jpg,1,0,0,0,0,0
DS_IMG_1832.jpg,1,0,0,0,0,0
DS_IMG_2707.jpg,1,0,0,0,0,0
DS_IMG_1895.jpg,1,0,0,0,0,0
DS_IMG_812.jpg,0,0,1,0,0,0
DS_IMG_1799.jpg,1,0,0,0,0,0
DS_IMG_2282.jpg,0,0,0,1,0,0
DS_IMG_689.jpg,1,0,0,0,0,0
DS_IMG_333.jpg,0,0,1,0,0,0
DS_IMG_107.jpg,0,0,0,1,0,0
DS_IMG_2492.jpg,1,0,0,0,0,0
DS_IMG_366.jpg,0,0,1,0,0,0
DS_IMG_217.jpg,0,1,0,0,0,0
DS_IMG_727.jpg,1,0,0,0,0,0
DS_IMG_2961.jpg,1,0,0,0,0,0
DS_IMG_3052.jpg,0,0,0,1,0,0
DS_IMG_1659.jpg,1,0,0,0,0,0
DS_IMG_3057.jpg,0,1,0,0,0,0
DS_IMG_355.jpg,0,0,1,0,0,0
DS_IMG_769.jpg,0,1,0,0,0,0
DS_IMG_2658.jpg,1,0,0,0,0,0
DS_IMG_3281.jpg,1,0,0,0,0,0
DS_IMG_1664.jpg,1,0,0,0,0,0
DS_IMG_3026.jpg,1,0,0,0,0,0
DS_IMG_1218.jpg,0,1,0,0,0,0
DS_IMG_2862.jpg,1,0,0,0,0,0
DS_IMG_1435.jpg,1,0,0,0,0,0
DS_IMG_1926.jpg,1,0,0,0,0,0
DS_IMG_2340.jpg,1,0,0,0,0,0
DS_IMG_971.jpg,0,0,0,0,0,1
DS_IMG_627.jpg,1,0,0,0,0,0
DS_IMG_3033.jpg,0,0,1,0,0,0
DS_IMG_2343.jpg,1,0,0,0,0,0
DS_IMG_2723.jpg,1,0,0,0,0,0
DS_IMG_710.jpg,1,0,0,0,0,0
DS_IMG_2655.jpg,1,0,0,0,0,0
DS_IMG_1179.jpg,0,1,0,0,0,0
DS_IMG_1492.jpg,1,0,0,0,0,0
DS_IMG_440.jpg,0,1,0,0,0,0
DS_IMG_1746.jpg,0,1,0,0,0,0
DS_IMG_2865.jpg,1,0,0,0,0,0
DS_IMG_2033.jpg,1,0,0,0,0,0
DS_IMG_3163.jpg,0,1,0,0,0,0
DS_IMG_2671.jpg,1,0,0,0,0,0
DS_IMG_1213.jpg,1,0,0,0,0,0
DS_IMG_1120.jpg,0,0,0,0,0,1
DS_IMG_2235.jpg,0,1,0,0,0,0
DS_IMG_1978.jpg,1,0,0,0,0,0
DS_IMG_2820.jpg,0,0,0,0,0,1
DS_IMG_960.jpg,1,0,0,0,0,0
DS_IMG_1843.jpg,1,0,0,0,0,0
DS_IMG_2528.jpg,1,0,0,0,0,0
DS_IMG_1111.jpg,0,0,0,1,0,0
DS_IMG_2562.jpg,1,0,0,0,0,0
DS_IMG_700.jpg,1,0,0,0,0,0
DS_IMG_1288.jpg,1,0,0,0,0,0
DS_IMG_2083.jpg,1,0,0,0,0,0
DS_IMG_2890.jpg,1,0,0,0,0,0
DS_IMG_665.jpg,1,0,0,0,0,0
DS_IMG_3280.jpg,0,0,1,0,0,0
DS_IMG_3247.jpg,1,0,0,0,0,0
DS_IMG_620.jpg,1,0,0,0,0,0
DS_IMG_1452.jpg,1,0,0,0,0,0
DS_IMG_1749.jpg,0,0,0,0,0,1
DS_IMG_784.jpg,0,0,0,1,0,0
DS_IMG_1363.jpg,0,1,0,0,0,0
DS_IMG_1627.jpg,1,0,0,0,0,0
DS_IMG_2364.jpg,0,1,0,0,0,0
DS_IMG_2346.jpg,1,0,0,0,0,0
DS_IMG_1969.jpg,1,0,0,0,0,0
DS_IMG_417.jpg,1,0,0,0,0,0
DS_IMG_664.jpg,1,0,0,0,0,0
DS_IMG_1646.jpg,0,1,0,0,0,0
DS_IMG_2819.jpg,0,1,0,0,0,0
DS_IMG_185.jpg,0,0,0,0,0,1
DS_IMG_85.jpg,0,1,0,0,0,0
DS_IMG_35.jpg,1,0,0,0,0,0
DS_IMG_579.jpg,1,0,0,0,0,0
DS_IMG_1408.jpg,0,1,0,0,0,0
DS_IMG_3285.jpg,0,1,0,0,0,0
DS_IMG_750.jpg,0,1,0,0,0,0
DS_IMG_754.jpg,1,0,0,0,0,0
DS_IMG_488.jpg,1,0,0,0,0,0
DS_IMG_2618.jpg,1,0,0,0,0,0
DS_IMG_1216.jpg,0,1,0,0,0,0
DS_IMG_1953.jpg,1,0,0,0,0,0
DS_IMG_2731.jpg,1,0,0,0,0,0
DS_IMG_616.jpg,0,1,0,0,0,0
DS_IMG_1229.jpg,0,1,0,0,0,0
DS_IMG_460.jpg,1,0,0,0,0,0
DS_IMG_1848.jpg,0,1,0,0,0,0
DS_IMG_7.jpg,0,0,0,1,0,0
DS_IMG_2771.jpg,1,0,0,0,0,0
DS_IMG_1976.jpg,1,0,0,0,0,0
DS_IMG_897.jpg,0,1,0,0,0,0
DS_IMG_702.jpg,1,0,0,0,0,0
DS_IMG_2956.jpg,1,0,0,0,0,0
DS_IMG_1420.jpg,1,0,0,0,0,0
DS_IMG_2215.jpg,1,0,0,0,0,0
DS_IMG_2756.jpg,1,0,0,0,0,0
DS_IMG_705.jpg,1,0,0,0,0,0
DS_IMG_302.jpg,1,0,0,0,0,0
DS_IMG_2336.jpg,1,0,0,0,0,0
DS_IMG_1588.jpg,1,0,0,0,0,0
DS_IMG_2086.jpg,1,0,0,0,0,0
DS_IMG_1615.jpg,0,1,0,0,0,0
DS_IMG_3265.jpg,0,1,0,0,0,0
DS_IMG_2760.jpg,1,0,0,0,0,0
DS_IMG_28.jpg,0,0,0,1,0,0
DS_IMG_2048.jpg,1,0,0,0,0,0
DS_IMG_1200.jpg,1,0,0,0,0,0
DS_IMG_1283.jpg,0,1,0,0,0,0
DS_IMG_1115.jpg,0,1,0,0,0,0
DS_IMG_404.jpg,1,0,0,0,0,0
DS_IMG_116.jpg,1,0,0,0,0,0
DS_IMG_722.jpg,1,0,0,0,0,0
DS_IMG_2420.jpg,1,0,0,0,0,0
DS_IMG_2104.jpg,1,0,0,0,0,0
DS_IMG_2417.jpg,1,0,0,0,0,0
DS_IMG_418.jpg,1,0,0,0,0,0
DS_IMG_13.jpg,0,0,0,0,0,1
DS_IMG_29.jpg,0,0,0,0,0,1
DS_IMG_2933.jpg,1,0,0,0,0,0
DS_IMG_2062.jpg,0,1,0,0,0,0
DS_IMG_2036.jpg,1,0,0,0,0,0
DS_IMG_3229.jpg,1,0,0,0,0,0
DS_IMG_3090.jpg,1,0,0,0,0,0
DS_IMG_2238.jpg,1,0,0,0,0,0
DS_IMG_683.jpg,0,0,0,0,1,0
DS_IMG_1522.jpg,1,0,0,0,0,0
DS_IMG_2683.jpg,1,0,0,0,0,0
DS_IMG_251.jpg,1,0,0,0,0,0
DS_IMG_629.jpg,0,0,1,0,0,0
DS_IMG_595.jpg,1,0,0,0,0,0
DS_IMG_2733.jpg,0,0,0,0,0,1
DS_IMG_1957.jpg,1,0,0,0,0,0
DS_IMG_1404.jpg,0,1,0,0,0,0
DS_IMG_2092.jpg,1,0,0,0,0,0
DS_IMG_211.jpg,0,1,0,0,0,0
DS_IMG_1774.jpg,0,0,0,0,1,0
DS_IMG_1979.jpg,1,0,0,0,0,0
DS_IMG_645.jpg,1,0,0,0,0,0
DS_IMG_392.jpg,1,0,0,0,0,0
DS_IMG_623.jpg,0,0,1,0,0,0
DS_IMG_532.jpg,1,0,0,0,0,0
DS_IMG_767.jpg,1,0,0,0,0,0
DS_IMG_1512.jpg,1,0,0,0,0,0
DS_IMG_3113.jpg,0,1,0,0,0,0
DS_IMG_236.jpg,0,0,0,0,1,0
DS_IMG_1575.jpg,1,0,0,0,0,0
DS_IMG_1787.jpg,1,0,0,0,0,0
DS_IMG_820.jpg,1,0,0,0,0,0
DS_IMG_1137.jpg,0,0,0,0,0,1
DS_IMG_938.jpg,1,0,0,0,0,0
DS_IMG_954.jpg,0,1,0,0,0,0
DS_IMG_1480.jpg,1,0,0,0,0,0
DS_IMG_3283.jpg,1,0,0,0,0,0
DS_IMG_2224.jpg,1,0,0,0,0,0
DS_IMG_1879.jpg,1,0,0,0,0,0
DS_IMG_2526.jpg,1,0,0,0,0,0
DS_IMG_1041.jpg,0,0,0,1,0,0
DS_IMG_2419.jpg,1,0,0,0,0,0
DS_IMG_513.jpg,1,0,0,0,0,0
DS_IMG_3148.jpg,1,0,0,0,0,0
DS_IMG_2380.jpg,1,0,0,0,0,0
DS_IMG_2751.jpg,1,0,0,0,0,0
DS_IMG_253.jpg,0,0,1,0,0,0
DS_IMG_2362.jpg,1,0,0,0,0,0
DS_IMG_2598.jpg,0,0,0,0,0,1
DS_IMG_161.jpg,1,0,0,0,0,0
DS_IMG_2519.jpg,0,1,0,0,0,0
DS_IMG_3134.jpg,1,0,0,0,0,0
DS_IMG_3249.jpg,0,1,0,0,0,0
DS_IMG_764.jpg,1,0,0,0,0,0
DS_IMG_1240.jpg,0,1,0,0,0,0
DS_IMG_2289.jpg,1,0,0,0,0,0
DS_IMG_1571.jpg,0,1,0,0,0,0
DS_IMG_3029.jpg,0,0,0,0,0,1
DS_IMG_1898.jpg,0,1,0,0,0,0
DS_IMG_2998.jpg,0,0,0,0,0,1
DS_IMG_618.jpg,1,0,0,0,0,0
DS_IMG_1679.jpg,1,0,0,0,0,0
DS_IMG_2534.jpg,1,0,0,0,0,0
DS_IMG_1568.jpg,1,0,0,0,0,0
DS_IMG_911.jpg,0,1,0,0,0,0
DS_IMG_2825.jpg,1,0,0,0,0,0
DS_IMG_274.jpg,0,1,0,0,0,0
DS_IMG_2455.jpg,1,0,0,0,0,0
DS_IMG_148.jpg,1,0,0,0,0,0
DS_IMG_1824.jpg,0,0,0,0,0,1
DS_IMG_482.jpg,1,0,0,0,0,0
DS_IMG_1228.jpg,0,1,0,0,0,0
DS_IMG_1782.jpg,0,0,0,0,0,1
DS_IMG_2706.jpg,1,0,0,0,0,0
DS_IMG_2838.jpg,1,0,0,0,0,0
DS_IMG_2545.jpg,0,0,1,0,0,0
DS_IMG_159.jpg,1,0,0,0,0,0
DS_IMG_3062.jpg,0,0,0,1,0,0
DS_IMG_213.jpg,1,0,0,0,0,0
DS_IMG_672.jpg,1,0,0,0,0,0
DS_IMG_2435.jpg,1,0,0,0,0,0
DS_IMG_1999.jpg,1,0,0,0,0,0
DS_IMG_2616.jpg,1,0,0,0,0,0
DS_IMG_775.jpg,0,0,0,1,0,0
DS_IMG_3049.jpg,0,0,0,1,0,0
DS_IMG_160.jpg,1,0,0,0,0,0
DS_IMG_859.jpg,1,0,0,0,0,0
DS_IMG_1086.jpg,0,1,0,0,0,0
DS_IMG_2418.jpg,1,0,0,0,0,0
DS_IMG_2326.jpg,0,1,0,0,0,0
DS_IMG_2249.jpg,1,0,0,0,0,0
DS_IMG_1611.jpg,1,0,0,0,0,0
DS_IMG_234.jpg,1,0,0,0,0,0
DS_IMG_1097.jpg,0,1,0,0,0,0
DS_IMG_43.jpg,1,0,0,0,0,0
DS_IMG_2023.jpg,1,0,0,0,0,0
DS_IMG_45.jpg,1,0,0,0,0,0
DS_IMG_2849.jpg,1,0,0,0,0,0
DS_IMG_797.jpg,0,1,0,0,0,0
DS_IMG_1008.jpg,1,0,0,0,0,0
DS_IMG_2109.jpg,1,0,0,0,0,0
DS_IMG_1556.jpg,1,0,0,0,0,0
DS_IMG_1129.jpg,1,0,0,0,0,0
DS_IMG_2696.jpg,1,0,0,0,0,0
DS_IMG_2369.jpg,1,0,0,0,0,0
DS_IMG_571.jpg,0,0,1,0,0,0
DS_IMG_2858.jpg,1,0,0,0,0,0
DS_IMG_2659.jpg,1,0,0,0,0,0
DS_IMG_739.jpg,1,0,0,0,0,0
DS_IMG_2310.jpg,0,1,0,0,0,0
DS_IMG_1936.jpg,1,0,0,0,0,0
DS_IMG_1821.jpg,0,1,0,0,0,0
DS_IMG_305.jpg,1,0,0,0,0,0
DS_IMG_1952.jpg,1,0,0,0,0,0
DS_IMG_740.jpg,1,0,0,0,0,0
DS_IMG_1145.jpg,0,0,1,0,0,0
DS_IMG_71.jpg,0,0,0,1,0,0
DS_IMG_1756.jpg,0,1,0,0,0,0
DS_IMG_1770.jpg,1,0,0,0,0,0
DS_IMG_1428.jpg,0,1,0,0,0,0
DS_IMG_757.jpg,1,0,0,0,0,0
DS_IMG_228.jpg,1,0,0,0,0,0
DS_IMG_3107.jpg,0,1,0,0,0,0
DS_IMG_1202.jpg,0,1,0,0,0,0
DS_IMG_475.jpg,0,0,1,0,0,0
DS_IMG_2892.jpg,0,0,0,0,0,1
DS_IMG_2985.jpg,1,0,0,0,0,0
DS_IMG_2509.jpg,0,0,0,0,1,0
DS_IMG_3286.jpg,1,0,0,0,0,0
DS_IMG_701.jpg,1,0,0,0,0,0
DS_IMG_205.jpg,0,0,1,0,0,0
DS_IMG_1851.jpg,1,0,0,0,0,0
DS_IMG_875.jpg,0,1,0,0,0,0
DS_IMG_2050.jpg,1,0,0,0,0,0
DS_IMG_1023.jpg,1,0,0,0,0,0
DS_IMG_2744.jpg,1,0,0,0,0,0
DS_IMG_208.jpg,1,0,0,0,0,0
DS_IMG_2531.jpg,1,0,0,0,0,0
DS_IMG_359.jpg,1,0,0,0,0,0
DS_IMG_2431.jpg,1,0,0,0,0,0
DS_IMG_1834.jpg,1,0,0,0,0,0
DS_IMG_3121.jpg,1,0,0,0,0,0
DS_IMG_3293.jpg,1,0,0,0,0,0
DS_IMG_72.jpg,0,0,0,1,0,0
DS_IMG_2643.jpg,1,0,0,0,0,0
DS_IMG_1485.jpg,1,0,0,0,0,0
DS_IMG_2202.jpg,1,0,0,0,0,0
DS_IMG_2602.jpg,1,0,0,0,0,0
DS_IMG_351.jpg,0,0,1,0,0,0
DS_IMG_3226.jpg,1,0,0,0,0,0
DS_IMG_3114.jpg,1,0,0,0,0,0
DS_IMG_1067.jpg,0,0,1,0,0,0
DS_IMG_220.jpg,0,0,0,1,0,0
DS_IMG_3211.jpg,1,0,0,0,0,0
DS_IMG_3066.jpg,0,0,0,1,0,0
DS_IMG_2673.jpg,0,0,0,0,0,1
DS_IMG_1744.jpg,0,1,0,0,0,0
DS_IMG_560.jpg,0,0,1,0,0,0
DS_IMG_2680.jpg,0,1,0,0,0,0
DS_IMG_354.jpg,1,0,0,0,0,0
DS_IMG_1993.jpg,1,0,0,0,0,0
DS_IMG_922.jpg,0,1,0,0,0,0
DS_IMG_449.jpg,1,0,0,0,0,0
DS_IMG_3200.jpg,1,0,0,0,0,0
DS_IMG_1468.jpg,0,1,0,0,0,0
DS_IMG_1309.jpg,0,1,0,0,0,0
DS_IMG_2388.jpg,1,0,0,0,0,0
DS_IMG_2781.jpg,0,1,0,0,0,0
DS_IMG_389.jpg,1,0,0,0,0,0
DS_IMG_528.jpg,0,0,1,0,0,0
DS_IMG_1089.jpg,0,0,0,0,0,1
DS_IMG_2430.jpg,1,0,0,0,0,0
DS_IMG_56.jpg,0,0,0,1,0,0
DS_IMG_1444.jpg,1,0,0,0,0,0
DS_IMG_1084.jpg,0,1,0,0,0,0
DS_IMG_452.jpg,0,1,0,0,0,0
DS_IMG_1383.jpg,1,0,0,0,0,0
DS_IMG_2729.jpg,0,0,0,1,0,0
DS_IMG_1711.jpg,1,0,0,0,0,0
DS_IMG_2069.jpg,1,0,0,0,0,0
DS_IMG_3213.jpg,0,1,0,0,0,0
DS_IMG_2963.jpg,0,0,0,1,0,0
DS_IMG_584.jpg,1,0,0,0,0,0
DS_IMG_1509.jpg,0,1,0,0,0,0
DS_IMG_761.jpg,0,1,0,0,0,0
DS_IMG_1083.jpg,0,0,0,0,0,1
DS_IMG_892.jpg,0,1,0,0,0,0
DS_IMG_2972.jpg,1,0,0,0,0,0
DS_IMG_909.jpg,1,0,0,0,0,0
DS_IMG_2338.jpg,1,0,0,0,0,0
DS_IMG_1557.jpg,0,1,0,0,0,0
DS_IMG_3132.jpg,1,0,0,0,0,0
DS_IMG_2596.jpg,1,0,0,0,0,0
DS_IMG_3185.jpg,1,0,0,0,0,0
DS_IMG_343.jpg,0,1,0,0,0,0
DS_IMG_2949.jpg,0,0,0,0,0,1
DS_IMG_1618.jpg,0,1,0,0,0,0
DS_IMG_98.jpg,0,1,0,0,0,0
DS_IMG_344.jpg,0,1,0,0,0,0
DS_IMG_57.jpg,0,0,0,1,0,0
DS_IMG_1929.jpg,1,0,0,0,0,0
DS_IMG_73.jpg,0,0,0,1,0,0
DS_IMG_472.jpg,0,0,1,0,0,0
DS_IMG_3172.jpg,1,0,0,0,0,0
DS_IMG_2816.jpg,1,0,0,0,0,0
DS_IMG_2971.jpg,1,0,0,0,0,0
DS_IMG_3098.jpg,0,0,1,0,0,0
DS_IMG_1130.jpg,0,0,0,0,0,1
DS_IMG_814.jpg,0,0,0,1,0,0
DS_IMG_498.jpg,0,1,0,0,0,0
DS_IMG_1238.jpg,0,1,0,0,0,0
DS_IMG_169.jpg,0,1,0,0,0,0
DS_IMG_405.jpg,1,0,0,0,0,0
DS_IMG_3204.jpg,0,0,1,0,0,0
DS_IMG_2800.jpg,1,0,0,0,0,0
DS_IMG_2039.jpg,0,0,0,0,1,0
DS_IMG_599.jpg,1,0,0,0,0,0
DS_IMG_2633.jpg,1,0,0,0,0,0
DS_IMG_2814.jpg,1,0,0,0,0,0
DS_IMG_69.jpg,0,0,0,1,0,0
DS_IMG_1230.jpg,0,1,0,0,0,0
DS_IMG_845.jpg,0,0,0,1,0,0
DS_IMG_181.jpg,0,0,0,0,1,0
DS_IMG_3214.jpg,0,0,1,0,0,0
DS_IMG_2479.jpg,1,0,0,0,0,0
DS_IMG_2853.jpg,1,0,0,0,0,0
DS_IMG_118.jpg,1,0,0,0,0,0
DS_IMG_2647.jpg,1,0,0,0,0,0
DS_IMG_990.jpg,0,1,0,0,0,0
DS_IMG_721.jpg,1,0,0,0,0,0
DS_IMG_75.jpg,0,0,0,1,0,0
DS_IMG_1070.jpg,0,0,0,0,0,1
DS_IMG_2740.jpg,1,0,0,0,0,0
DS_IMG_342.jpg,0,0,1,0,0,0
DS_IMG_2198.jpg,0,0,0,1,0,0
DS_IMG_96.jpg,0,0,0,1,0,0
DS_IMG_1703.jpg,1,0,0,0,0,0
DS_IMG_59.jpg,0,0,0,1,0,0
DS_IMG_2493.jpg,1,0,0,0,0,0
DS_IMG_214.jpg,0,0,1,0,0,0
DS_IMG_979.jpg,0,1,0,0,0,0
DS_IMG_1836.jpg,0,1,0,0,0,0
DS_IMG_2325.jpg,1,0,0,0,0,0
DS_IMG_1729.jpg,1,0,0,0,0,0
DS_IMG_655.jpg,1,0,0,0,0,0
DS_IMG_2909.jpg,1,0,0,0,0,0
DS_IMG_81.jpg,0,1,0,0,0,0
DS_IMG_2905.jpg,0,0,0,0,0,1
DS_IMG_2678.jpg,1,0,0,0,0,0
DS_IMG_1745.jpg,0,1,0,0,0,0
DS_IMG_636.jpg,0,1,0,0,0,0
DS_IMG_3263.jpg,0,1,0,0,0,0
DS_IMG_2153.jpg,1,0,0,0,0,0
DS_IMG_2730.jpg,1,0,0,0,0,0
DS_IMG_2088.jpg,1,0,0,0,0,0
DS_IMG_268.jpg,0,0,0,0,1,0
DS_IMG_2357.jpg,1,0,0,0,0,0
DS_IMG_2763.jpg,1,0,0,0,0,0
DS_IMG_587.jpg,0,0,1,0,0,0
DS_IMG_252.jpg,0,0,1,0,0,0
DS_IMG_2676.jpg,1,0,0,0,0,0
DS_IMG_1342.jpg,1,0,0,0,0,0
DS_IMG_2421.jpg,1,0,0,0,0,0
DS_IMG_1158.jpg,0,1,0,0,0,0
DS_IMG_1846.jpg,1,0,0,0,0,0
DS_IMG_1112.jpg,0,0,0,1,0,0
DS_IMG_1433.jpg,0,1,0,0,0,0
DS_IMG_1278.jpg,0,1,0,0,0,0
DS_IMG_2016.jpg,1,0,0,0,0,0
DS_IMG_2051.jpg,1,0,0,0,0,0
DS_IMG_1849.jpg,1,0,0,0,0,0
DS_IMG_1506.jpg,0,1,0,0,0,0
DS_IMG_3167.jpg,1,0,0,0,0,0
DS_IMG_1019.jpg,0,0,0,1,0,0
DS_IMG_973.jpg,1,0,0,0,0,0
DS_IMG_2349.jpg,1,0,0,0,0,0
DS_IMG_2710.jpg,1,0,0,0,0,0
DS_IMG_2445.jpg,0,0,0,0,0,1
DS_IMG_2484.jpg,1,0,0,0,0,0
DS_IMG_1439.jpg,0,1,0,0,0,0
DS_IMG_2376.jpg,1,0,0,0,0,0
DS_IMG_2579.jpg,1,0,0,0,0,0
DS_IMG_1869.jpg,1,0,0,0,0,0
DS_IMG_2867.jpg,1,0,0,0,0,0
DS_IMG_2150.jpg,1,0,0,0,0,0
DS_IMG_2063.jpg,1,0,0,0,0,0
DS_IMG_254.jpg,0,0,1,0,0,0
DS_IMG_3236.jpg,1,0,0,0,0,0
DS_IMG_2934.jpg,0,1,0,0,0,0
DS_IMG_558.jpg,1,0,0,0,0,0
DS_IMG_1359.jpg,0,1,0,0,0,0
DS_IMG_1082.jpg,0,0,0,0,0,1
DS_IMG_48.jpg,0,0,0,1,0,0
DS_IMG_533.jpg,0,0,0,0,0,1
DS_IMG_2796.jpg,0,0,0,0,0,1
DS_IMG_2255.jpg,1,0,0,0,0,0
DS_IMG_1351.jpg,0,1,0,0,0,0
DS_IMG_1528.jpg,1,0,0,0,0,0
DS_IMG_2123.jpg,1,0,0,0,0,0
DS_IMG_2681.jpg,1,0,0,0,0,0
DS_IMG_1600.jpg,1,0,0,0,0,0
DS_IMG_3151.jpg,1,0,0,0,0,0
DS_IMG_928.jpg,0,1,0,0,0,0
DS_IMG_1658.jpg,1,0,0,0,0,0
DS_IMG_2453.jpg,1,0,0,0,0,0
DS_IMG_2976.jpg,1,0,0,0,0,0
DS_IMG_1739.jpg,0,0,0,1,0,0
DS_IMG_1106.jpg,0,1,0,0,0,0
DS_IMG_2211.jpg,1,0,0,0,0,0
DS_IMG_2913.jpg,1,0,0,0,0,0
DS_IMG_2850.jpg,1,0,0,0,0,0
DS_IMG_192.jpg,1,0,0,0,0,0
DS_IMG_432.jpg,0,1,0,0,0,0
DS_IMG_1410.jpg,1,0,0,0,0,0
DS_IMG_1779.jpg,0,1,0,0,0,0
DS_IMG_483.jpg,0,1,0,0,0,0
DS_IMG_2980.jpg,0,1,0,0,0,0
DS_IMG_1170.jpg,0,1,0,0,0,0
DS_IMG_125.jpg,1,0,0,0,0,0
DS_IMG_809.jpg,0,1,0,0,0,0
DS_IMG_2137.jpg,1,0,0,0,0,0
DS_IMG_2762.jpg,0,1,0,0,0,0
DS_IMG_2984.jpg,0,0,0,0,1,0
DS_IMG_2060.jpg,1,0,0,0,0,0
DS_IMG_1793.jpg,1,0,0,0,0,0
DS_IMG_396.jpg,1,0,0,0,0,0
DS_IMG_1217.jpg,0,1,0,0,0,0
DS_IMG_362.jpg,1,0,0,0,0,0
DS_IMG_1815.jpg,1,0,0,0,0,0
DS_IMG_2925.jpg,1,0,0,0,0,0
DS_IMG_1930.jpg,1,0,0,0,0,0
DS_IMG_2639.jpg,1,0,0,0,0,0
DS_IMG_901.jpg,0,0,0,1,0,0
DS_IMG_2979.jpg,1,0,0,0,0,0
DS_IMG_1676.jpg,0,1,0,0,0,0
DS_IMG_1619.jpg,0,1,0,0,0,0
DS_IMG_2404.jpg,1,0,0,0,0,0
DS_IMG_1262.jpg,0,1,0,0,0,0
DS_IMG_1827.jpg,0,1,0,0,0,0
DS_IMG_1808.jpg,1,0,0,0,0,0
DS_IMG_144.jpg,0,1,0,0,0,0
DS_IMG_743.jpg,1,0,0,0,0,0
DS_IMG_51.jpg,0,0,0,1,0,0
DS_IMG_1208.jpg,0,1,0,0,0,0
DS_IMG_955.jpg,1,0,0,0,0,0
DS_IMG_1717.jpg,1,0,0,0,0,0
DS_IMG_3126.jpg,0,1,0,0,0,0
DS_IMG_3054.jpg,0,0,0,1,0,0
DS_IMG_2464.jpg,1,0,0,0,0,0
DS_IMG_2587.jpg,1,0,0,0,0,0
DS_IMG_49.jpg,1,0,0,0,0,0
DS_IMG_3276.jpg,0,0,1,0,0,0
DS_IMG_1315.jpg,0,1,0,0,0,0
DS_IMG_2876.jpg,1,0,0,0,0,0
DS_IMG_778.jpg,0,1,0,0,0,0
DS_IMG_1538.jpg,1,0,0,0,0,0
DS_IMG_3051.jpg,0,0,0,1,0,0
DS_IMG_970.jpg,0,1,0,0,0,0
DS_IMG_1680.jpg,1,0,0,0,0,0
DS_IMG_1584.jpg,1,0,0,0,0,0
DS_IMG_2690.jpg,1,0,0,0,0,0
DS_IMG_540.jpg,1,0,0,0,0,0
DS_IMG_2640.jpg,1,0,0,0,0,0
DS_IMG_1234.jpg,1,0,0,0,0,0
DS_IMG_2599.jpg,1,0,0,0,0,0
DS_IMG_929.jpg,1,0,0,0,0,0
DS_IMG_428.jpg,0,0,1,0,0,0
DS_IMG_2233.jpg,0,1,0,0,0,0
DS_IMG_198.jpg,0,1,0,0,0,0
DS_IMG_34.jpg,0,0,0,1,0,0
DS_IMG_1085.jpg,1,0,0,0,0,0
DS_IMG_961.jpg,0,1,0,0,0,0
DS_IMG_1918.jpg,1,0,0,0,0,0
DS_IMG_906.jpg,0,0,0,0,0,1
DS_IMG_1164.jpg,0,1,0,0,0,0
DS_IMG_2852.jpg,0,1,0,0,0,0
DS_IMG_1654.jpg,1,0,0,0,0,0
DS_IMG_2171.jpg,1,0,0,0,0,0
DS_IMG_2622.jpg,1,0,0,0,0,0
DS_IMG_429.jpg,1,0,0,0,0,0
DS_IMG_456.jpg,0,1,0,0,0,0
DS_IMG_1388.jpg,0,1,0,0,0,0
DS_IMG_2540.jpg,1,0,0,0,0,0
DS_IMG_1135.jpg,0,0,0,0,0,1
DS_IMG_1402.jpg,1,0,0,0,0,0
DS_IMG_1427.jpg,1,0,0,0,0,0
DS_IMG_3095.jpg,0,1,0,0,0,0
DS_IMG_271.jpg,0,0,1,0,0,0
DS_IMG_3178.jpg,0,1,0,0,0,0
DS_IMG_3071.jpg,1,0,0,0,0,0
DS_IMG_748.jpg,0,1,0,0,0,0
DS_IMG_1028.jpg,0,0,0,1,0,0
DS_IMG_2903.jpg,0,0,1,0,0,0
DS_IMG_1215.jpg,0,0,0,1,0,0
DS_IMG_3085.jpg,1,0,0,0,0,0
DS_IMG_2856.jpg,1,0,0,0,0,0
DS_IMG_3299.jpg,1,0,0,0,0,0
DS_IMG_3124.jpg,0,1,0,0,0,0
DS_IMG_2569.jpg,0,1,0,0,0,0
DS_IMG_988.jpg,1,0,0,0,0,0
DS_IMG_653.jpg,1,0,0,0,0,0
DS_IMG_1937.jpg,1,0,0,0,0,0
DS_IMG_1015.jpg,0,0,0,0,0,1
DS_IMG_656.jpg,1,0,0,0,0,0
DS_IMG_1047.jpg,0,0,0,0,0,1
DS_IMG_76.jpg,1,0,0,0,0,0
DS_IMG_788.jpg,0,1,0,0,0,0
DS_IMG_536.jpg,1,0,0,0,0,0
DS_IMG_2467.jpg,1,0,0,0,0,0
DS_IMG_8.jpg,1,0,0,0,0,0
DS_IMG_150.jpg,0,0,0,0,1,0
DS_IMG_321.jpg,0,0,1,0,0,0
DS_IMG_79.jpg,0,0,0,1,0,0
DS_IMG_2712.jpg,1,0,0,0,0,0
DS_IMG_585.jpg,0,0,1,0,0,0
DS_IMG_2053.jpg,0,1,0,0,0,0
DS_IMG_1602.jpg,1,0,0,0,0,0
DS_IMG_1403.jpg,0,1,0,0,0,0
DS_IMG_695.jpg,1,0,0,0,0,0
DS_IMG_3073.jpg,0,0,0,0,1,0
DS_IMG_2742.jpg,1,0,0,0,0,0
DS_IMG_2429.jpg,0,1,0,0,0,0
DS_IMG_2003.jpg,1,0,0,0,0,0
DS_IMG_2291.jpg,1,0,0,0,0,0
DS_IMG_2666.jpg,1,0,0,0,0,0
DS_IMG_2345.jpg,1,0,0,0,0,0
DS_IMG_3170.jpg,1,0,0,0,0,0
DS_IMG_2283.jpg,1,0,0,0,0,0
DS_IMG_3162.jpg,0,1,0,0,0,0
DS_IMG_699.jpg,1,0,0,0,0,0
DS_IMG_212.jpg,1,0,0,0,0,0
DS_IMG_2403.jpg,0,1,0,0,0,0
DS_IMG_1720.jpg,0,0,0,0,0,1
DS_IMG_958.jpg,1,0,0,0,0,0
DS_IMG_1465.jpg,0,1,0,0,0,0
DS_IMG_2446.jpg,1,0,0,0,0,0
DS_IMG_1007.jpg,0,0,1,0,0,0
DS_IMG_203.jpg,0,0,0,0,1,0
DS_IMG_425.jpg,1,0,0,0,0,0
DS_IMG_2185.jpg,1,0,0,0,0,0
DS_IMG_369.jpg,0,0,1,0,0,0
DS_IMG_249.jpg,0,0,1,0,0,0
DS_IMG_1413.jpg,1,0,0,0,0,0
DS_IMG_2823.jpg,1,0,0,0,0,0
DS_IMG_1552.jpg,1,0,0,0,0,0
DS_IMG_1860.jpg,1,0,0,0,0,0
DS_IMG_846.jpg,1,0,0,0,0,0
DS_IMG_3216.jpg,0,1,0,0,0,0
DS_IMG_1988.jpg,1,0,0,0,0,0
DS_IMG_279.jpg,1,0,0,0,0,0
DS_IMG_2075.jpg,1,0,0,0,0,0
DS_IMG_1224.jpg,0,1,0,0,0,0
DS_IMG_2189.jpg,1,0,0,0,0,0
DS_IMG_887.jpg,0,1,0,0,0,0
DS_IMG_195.jpg,1,0,0,0,0,0
DS_IMG_473.jpg,0,1,0,0,0,0
DS_IMG_1214.jpg,0,1,0,0,0,0
DS_IMG_2134.jpg,1,0,0,0,0,0
DS_IMG_1244.jpg,1,0,0,0,0,0
DS_IMG_266.jpg,0,0,1,0,0,0
DS_IMG_422.jpg,0,0,1,0,0,0
DS_IMG_2967.jpg,1,0,0,0,0,0
DS_IMG_1589.jpg,1,0,0,0,0,0
DS_IMG_2311.jpg,1,0,0,0,0,0
DS_IMG_1813.jpg,1,0,0,0,0,0
DS_IMG_490.jpg,1,0,0,0,0,0
DS_IMG_2628.jpg,1,0,0,0,0,0
DS_IMG_1310.jpg,0,1,0,0,0,0
DS_IMG_152.jpg,0,1,0,0,0,0
DS_IMG_1068.jpg,0,1,0,0,0,0
DS_IMG_327.jpg,1,0,0,0,0,0
DS_IMG_1695.jpg,1,0,0,0,0,0
DS_IMG_1174.jpg,1,0,0,0,0,0
DS_IMG_14.jpg,0,0,0,1,0,0
DS_IMG_1340.jpg,0,1,0,0,0,0
DS_IMG_371.jpg,1,0,0,0,0,0
DS_IMG_1635.jpg,0,1,0,0,0,0
DS_IMG_2161.jpg,1,0,0,0,0,0
DS_IMG_2920.jpg,0,0,0,0,1,0
DS_IMG_975.jpg,1,0,0,0,0,0
DS_IMG_495.jpg,0,1,0,0,0,0
DS_IMG_1100.jpg,0,1,0,0,0,0
DS_IMG_1649.jpg,1,0,0,0,0,0
DS_IMG_1260.jpg,1,0,0,0,0,0
DS_IMG_1062.jpg,0,1,0,0,0,0
DS_IMG_2261.jpg,1,0,0,0,0,0
DS_IMG_2147.jpg,1,0,0,0,0,0
DS_IMG_2257.jpg,1,0,0,0,0,0
DS_IMG_1322.jpg,1,0,0,0,0,0
DS_IMG_610.jpg,0,0,0,1,0,0
DS_IMG_3108.jpg,1,0,0,0,0,0
DS_IMG_1264.jpg,0,0,0,1,0,0
DS_IMG_2505.jpg,1,0,0,0,0,0
DS_IMG_1784.jpg,0,0,0,1,0,0
DS_IMG_2115.jpg,1,0,0,0,0,0
DS_IMG_693.jpg,1,0,0,0,0,0
DS_IMG_1792.jpg,1,0,0,0,0,0
DS_IMG_2207.jpg,1,0,0,0,0,0
DS_IMG_2583.jpg,1,0,0,0,0,0
DS_IMG_1567.jpg,1,0,0,0,0,0
DS_IMG_1305.jpg,0,1,0,0,0,0
DS_IMG_981.jpg,0,1,0,0,0,0
DS_IMG_3122.jpg,1,0,0,0,0,0
DS_IMG_162.jpg,0,0,0,0,1,0
DS_IMG_959.jpg,0,0,1,0,0,0
DS_IMG_939.jpg,1,0,0,0,0,0
DS_IMG_565.jpg,1,0,0,0,0,0
DS_IMG_225.jpg,0,1,0,0,0,0
DS_IMG_1924.jpg,1,0,0,0,0,0
DS_IMG_1209.jpg,0,1,0,0,0,0
DS_IMG_1343.jpg,0,1,0,0,0,0
DS_IMG_3030.jpg,1,0,0,0,0,0
DS_IMG_628.jpg,1,0,0,0,0,0
DS_IMG_509.jpg,1,0,0,0,0,0
DS_IMG_390.jpg,1,0,0,0,0,0
DS_IMG_1734.jpg,0,1,0,0,0,0
DS_IMG_851.jpg,0,0,0,0,0,1
DS_IMG_2577.jpg,1,0,0,0,0,0
DS_IMG_1548.jpg,0,1,0,0,0,0
DS_IMG_857.jpg,0,0,1,0,0,0
DS_IMG_2766.jpg,1,0,0,0,0,0
DS_IMG_2035.jpg,1,0,0,0,0,0
DS_IMG_2013.jpg,1,0,0,0,0,0
DS_IMG_110.jpg,0,0,0,1,0,0
DS_IMG_262.jpg,0,0,1,0,0,0
DS_IMG_2774.jpg,1,0,0,0,0,0
DS_IMG_2476.jpg,1,0,0,0,0,0
DS_IMG_1381.jpg,0,1,0,0,0,0
DS_IMG_802.jpg,1,0,0,0,0,0
DS_IMG_2131.jpg,1,0,0,0,0,0
DS_IMG_2258.jpg,1,0,0,0,0,0
DS_IMG_323.jpg,0,0,1,0,0,0
DS_IMG_2541.jpg,1,0,0,0,0,0
DS_IMG_1678.jpg,0,1,0,0,0,0
DS_IMG_2578.jpg,1,0,0,0,0,0
DS_IMG_2802.jpg,1,0,0,0,0,0
DS_IMG_1423.jpg,1,0,0,0,0,0
DS_IMG_3262.jpg,0,1,0,0,0,0
DS_IMG_2533.jpg,1,0,0,0,0,0
DS_IMG_2626.jpg,1,0,0,0,0,0
DS_IMG_1951.jpg,1,0,0,0,0,0
DS_IMG_810.jpg,0,1,0,0,0,0
DS_IMG_2591.jpg,1,0,0,0,0,0
DS_IMG_312.jpg,1,0,0,0,0,0
DS_IMG_1598.jpg,1,0,0,0,0,0
DS_IMG_3091.jpg,0,1,0,0,0,0
DS_IMG_1453.jpg,0,1,0,0,0,0
DS_IMG_1741.jpg,1,0,0,0,0,0
DS_IMG_2974.jpg,0,0,0,0,1,0
DS_IMG_1942.jpg,1,0,0,0,0,0
DS_IMG_3125.jpg,0,1,0,0,0,0
DS_IMG_2158.jpg,1,0,0,0,0,0
DS_IMG_2108.jpg,1,0,0,0,0,0
DS_IMG_1595.jpg,1,0,0,0,0,0
DS_IMG_239.jpg,0,0,1,0,0,0
DS_IMG_576.jpg,1,0,0,0,0,0
DS_IMG_1314.jpg,0,1,0,0,0,0
DS_IMG_1483.jpg,1,0,0,0,0,0
DS_IMG_3290.jpg,1,0,0,0,0,0
DS_IMG_1311.jpg,0,1,0,0,0,0
DS_IMG_1307.jpg,0,1,0,0,0,0
DS_IMG_2173.jpg,1,0,0,0,0,0
DS_IMG_437.jpg,1,0,0,0,0,0
DS_IMG_1972.jpg,1,0,0,0,0,0
DS_IMG_2370.jpg,1,0,0,0,0,0
DS_IMG_2130.jpg,1,0,0,0,0,0
DS_IMG_2697.jpg,1,0,0,0,0,0
DS_IMG_2809.jpg,1,0,0,0,0,0
DS_IMG_2497.jpg,1,0,0,0,0,0
DS_IMG_463.jpg,0,1,0,0,0,0
DS_IMG_2500.jpg,1,0,0,0,0,0
DS_IMG_3177.jpg,0,1,0,0,0,0
DS_IMG_154.jpg,1,0,0,0,0,0
DS_IMG_706.jpg,0,0,1,0,0,0
DS_IMG_435.jpg,1,0,0,0,0,0
DS_IMG_1473.jpg,1,0,0,0,0,0
DS_IMG_1927.jpg,1,0,0,0,0,0
DS_IMG_2155.jpg,1,0,0,0,0,0
DS_IMG_2504.jpg,0,0,0,0,0,1
DS_IMG_2239.jpg,0,1,0,0,0,0
DS_IMG_1699.jpg,1,0,0,0,0,0
DS_IMG_1810.jpg,0,1,0,0,0,0
DS_IMG_731.jpg,0,0,1,0,0,0
DS_IMG_441.jpg,1,0,0,0,0,0
DS_IMG_44.jpg,0,0,1,0,0,0
DS_IMG_413.jpg,0,1,0,0,0,0
DS_IMG_2225.jpg,0,0,0,0,1,0
DS_IMG_2226.jpg,0,0,1,0,0,0
DS_IMG_2641.jpg,1,0,0,0,0,0
DS_IMG_1989.jpg,1,0,0,0,0,0
DS_IMG_598.jpg,0,0,1,0,0,0
DS_IMG_1471.jpg,1,0,0,0,0,0
DS_IMG_1901.jpg,1,0,0,0,0,0
DS_IMG_182.jpg,1,0,0,0,0,0
DS_IMG_1831.jpg,0,1,0,0,0,0
DS_IMG_1384.jpg,0,1,0,0,0,0
DS_IMG_1123.jpg,0,1,0,0,0,0
DS_IMG_2869.jpg,0,1,0,0,0,0
DS_IMG_58.jpg,1,0,0,0,0,0
DS_IMG_2256.jpg,1,0,0,0,0,0
DS_IMG_2968.jpg,1,0,0,0,0,0
DS_IMG_552.jpg,0,1,0,0,0,0
DS_IMG_2556.jpg,1,0,0,0,0,0
DS_IMG_2019.jpg,1,0,0,0,0,0
DS_IMG_284.jpg,0,0,1,0,0,0
DS_IMG_2485.jpg,1,0,0,0,0,0
DS_IMG_256.jpg,1,0,0,0,0,0
DS_IMG_138.jpg,0,0,0,0,1,0
DS_IMG_2049.jpg,1,0,0,0,0,0
DS_IMG_1897.jpg,1,0,0,0,0,0
DS_IMG_1542.jpg,1,0,0,0,0,0
DS_IMG_2393.jpg,1,0,0,0,0,0
DS_IMG_518.jpg,1,0,0,0,0,0
DS_IMG_1466.jpg,0,1,0,0,0,0
DS_IMG_974.jpg,1,0,0,0,0,0
DS_IMG_487.jpg,1,0,0,0,0,0
DS_IMG_3218.jpg,0,1,0,0,0,0
DS_IMG_691.jpg,1,0,0,0,0,0
DS_IMG_504.jpg,0,1,0,0,0,0
DS_IMG_2586.jpg,1,0,0,0,0,0
DS_IMG_553.jpg,1,0,0,0,0,0
DS_IMG_1414.jpg,1,0,0,0,0,0
DS_IMG_316.jpg,0,0,1,0,0,0
DS_IMG_2227.jpg,0,1,0,0,0,0
DS_IMG_2411.jpg,1,0,0,0,0,0
DS_IMG_294.jpg,0,1,0,0,0,0
DS_IMG_1526.jpg,1,0,0,0,0,0
DS_IMG_21.jpg,1,0,0,0,0,0
DS_IMG_1666.jpg,0,1,0,0,0,0
DS_IMG_82.jpg,1,0,0,0,0,0
DS_IMG_2794.jpg,1,0,0,0,0,0
DS_IMG_335.jpg,1,0,0,0,0,0
DS_IMG_2719.jpg,0,1,0,0,0,0
DS_IMG_2538.jpg,1,0,0,0,0,0
DS_IMG_2089.jpg,1,0,0,0,0,0
DS_IMG_1497.jpg,1,0,0,0,0,0
DS_IMG_1773.jpg,1,0,0,0,0,0
DS_IMG_1092.jpg,0,1,0,0,0,0
DS_IMG_660.jpg,1,0,0,0,0,0
DS_IMG_780.jpg,0,0,0,1,0,0
DS_IMG_1440.jpg,1,0,0,0,0,0
DS_IMG_1719.jpg,1,0,0,0,0,0
DS_IMG_668.jpg,0,1,0,0,0,0
DS_IMG_1134.jpg,1,0,0,0,0,0
DS_IMG_275.jpg,0,0,0,0,0,1
DS_IMG_1358.jpg,0,1,0,0,0,0
DS_IMG_2670.jpg,1,0,0,0,0,0
DS_IMG_1226.jpg,1,0,0,0,0,0
DS_IMG_54.jpg,0,0,0,1,0,0
DS_IMG_3021.jpg,1,0,0,0,0,0
DS_IMG_386.jpg,1,0,0,0,0,0
DS_IMG_2294.jpg,1,0,0,0,0,0
DS_IMG_2936.jpg,1,0,0,0,0,0
DS_IMG_1868.jpg,0,1,0,0,0,0
DS_IMG_1884.jpg,0,1,0,0,0,0
DS_IMG_1031.jpg,0,1,0,0,0,0
DS_IMG_1337.jpg,0,1,0,0,0,0
DS_IMG_2141.jpg,1,0,0,0,0,0
DS_IMG_74.jpg,1,0,0,0,0,0
DS_IMG_397.jpg,1,0,0,0,0,0
DS_IMG_291.jpg,1,0,0,0,0,0
DS_IMG_511.jpg,1,0,0,0,0,0
DS_IMG_2912.jpg,1,0,0,0,0,0
DS_IMG_1608.jpg,1,0,0,0,0,0
DS_IMG_2041.jpg,1,0,0,0,0,0
DS_IMG_453.jpg,1,0,0,0,0,0
DS_IMG_684.jpg,0,1,0,0,0,0
DS_IMG_298.jpg,0,1,0,0,0,0
DS_IMG_3202.jpg,1,0,0,0,0,0
DS_IMG_2717.jpg,1,0,0,0,0,0
DS_IMG_2054.jpg,1,0,0,0,0,0
DS_IMG_914.jpg,0,1,0,0,0,0
DS_IMG_1300.jpg,0,1,0,0,0,0
DS_IMG_2735.jpg,1,0,0,0,0,0
DS_IMG_1738.jpg,1,0,0,0,0,0
DS_IMG_2750.jpg,1,0,0,0,0,0
DS_IMG_272.jpg,1,0,0,0,0,0
DS_IMG_947.jpg,0,1,0,0,0,0
DS_IMG_3019.jpg,1,0,0,0,0,0
DS_IMG_1670.jpg,1,0,0,0,0,0
DS_IMG_1896.jpg,0,1,0,0,0,0
DS_IMG_1686.jpg,1,0,0,0,0,0
DS_IMG_1507.jpg,0,1,0,0,0,0
DS_IMG_1642.jpg,1,0,0,0,0,0
DS_IMG_2162.jpg,1,0,0,0,0,0
DS_IMG_1572.jpg,0,1,0,0,0,0
DS_IMG_66.jpg,0,0,0,1,0,0
DS_IMG_873.jpg,0,0,0,1,0,0
DS_IMG_2087.jpg,1,0,0,0,0,0
DS_IMG_2716.jpg,1,0,0,0,0,0
DS_IMG_1021.jpg,1,0,0,0,0,0
DS_IMG_1109.jpg,1,0,0,0,0,0
DS_IMG_3076.jpg,1,0,0,0,0,0
DS_IMG_1057.jpg,0,1,0,0,0,0
DS_IMG_1807.jpg,1,0,0,0,0,0
DS_IMG_2489.jpg,1,0,0,0,0,0
DS_IMG_2830.jpg,1,0,0,0,0,0
DS_IMG_1144.jpg,0,1,0,0,0,0
DS_IMG_2042.jpg,1,0,0,0,0,0
DS_IMG_2052.jpg,1,0,0,0,0,0
DS_IMG_3106.jpg,1,0,0,0,0,0
DS_IMG_937.jpg,0,1,0,0,0,0
DS_IMG_2415.jpg,1,0,0,0,0,0
DS_IMG_2747.jpg,1,0,0,0,0,0
DS_IMG_1103.jpg,0,0,0,0,1,0
DS_IMG_175.jpg,0,1,0,0,0,0
DS_IMG_1371.jpg,1,0,0,0,0,0
DS_IMG_1911.jpg,1,0,0,0,0,0
DS_IMG_2332.jpg,1,0,0,0,0,0
DS_IMG_55.jpg,0,0,0,1,0,0
DS_IMG_2757.jpg,1,0,0,0,0,0
DS_IMG_1203.jpg,1,0,0,0,0,0
DS_IMG_1274.jpg,1,0,0,0,0,0
DS_IMG_2461.jpg,1,0,0,0,0,0
DS_IMG_1585.jpg,1,0,0,0,0,0
DS_IMG_1573.jpg,0,1,0,0,0,0
DS_IMG_206.jpg,1,0,0,0,0,0
DS_IMG_2904.jpg,0,1,0,0,0,0
DS_IMG_1586.jpg,1,0,0,0,0,0
DS_IMG_3046.jpg,0,0,0,1,0,0
DS_IMG_1225.jpg,1,0,0,0,0,0
DS_IMG_1623.jpg,0,1,0,0,0,0
DS_IMG_3056.jpg,0,0,0,1,0,0
DS_IMG_2398.jpg,1,0,0,0,0,0
DS_IMG_2383.jpg,1,0,0,0,0,0
DS_IMG_2347.jpg,1,0,0,0,0,0
DS_IMG_2416.jpg,1,0,0,0,0,0
DS_IMG_193.jpg,0,0,0,0,1,0
DS_IMG_1603.jpg,1,0,0,0,0,0
DS_IMG_3289.jpg,0,1,0,0,0,0
DS_IMG_308.jpg,0,0,1,0,0,0
DS_IMG_2661.jpg,1,0,0,0,0,0
DS_IMG_2210.jpg,1,0,0,0,0,0
DS_IMG_1010.jpg,0,1,0,0,0,0
DS_IMG_1258.jpg,0,1,0,0,0,0
DS_IMG_373.jpg,1,0,0,0,0,0
DS_IMG_786.jpg,0,1,0,0,0,0
DS_IMG_942.jpg,1,0,0,0,0,0
DS_IMG_2100.jpg,1,0,0,0,0,0
DS_IMG_255.jpg,0,0,1,0,0,0
DS_IMG_1591.jpg,1,0,0,0,0,0
DS_IMG_2797.jpg,1,0,0,0,0,0
DS_IMG_526.jpg,1,0,0,0,0,0
DS_IMG_1237.jpg,0,1,0,0,0,0
DS_IMG_562.jpg,0,0,1,0,0,0
DS_IMG_2953.jpg,0,0,1,0,0,0
DS_IMG_2058.jpg,1,0,0,0,0,0
DS_IMG_2352.jpg,1,0,0,0,0,0
DS_IMG_1800.jpg,1,0,0,0,0,0
DS_IMG_1731.jpg,0,1,0,0,0,0
DS_IMG_2758.jpg,1,0,0,0,0,0
DS_IMG_2140.jpg,1,0,0,0,0,0
DS_IMG_2219.jpg,1,0,0,0,0,0
DS_IMG_2636.jpg,1,0,0,0,0,0
DS_IMG_1728.jpg,0,1,0,0,0,0
DS_IMG_2139.jpg,0,1,0,0,0,0
DS_IMG_3154.jpg,1,0,0,0,0,0
DS_IMG_605.jpg,0,1,0,0,0,0
DS_IMG_2973.jpg,1,0,0,0,0,0
DS_IMG_1944.jpg,1,0,0,0,0,0
DS_IMG_622.jpg,0,1,0,0,0,0
DS_IMG_1344.jpg,0,1,0,0,0,0
DS_IMG_1684.jpg,1,0,0,0,0,0
DS_IMG_1771.jpg,1,0,0,0,0,0
DS_IMG_1222.jpg,0,1,0,0,0,0
DS_IMG_1839.jpg,0,1,0,0,0,0
DS_IMG_1178.jpg,1,0,0,0,0,0
DS_IMG_3157.jpg,0,0,1,0,0,0
DS_IMG_2426.jpg,1,0,0,0,0,0
DS_IMG_1689.jpg,1,0,0,0,0,0
DS_IMG_1401.jpg,0,1,0,0,0,0
DS_IMG_2507.jpg,0,1,0,0,0,0
DS_IMG_2009.jpg,1,0,0,0,0,0
DS_IMG_1392.jpg,0,1,0,0,0,0
DS_IMG_269.jpg,1,0,0,0,0,0
DS_IMG_61.jpg,1,0,0,0,0,0
DS_IMG_1874.jpg,1,0,0,0,0,0
DS_IMG_931.jpg,0,1,0,0,0,0
DS_IMG_3142.jpg,0,1,0,0,0,0
DS_IMG_3017.jpg,0,1,0,0,0,0
DS_IMG_1415.jpg,0,1,0,0,0,0
DS_IMG_2522.jpg,1,0,0,0,0,0
DS_IMG_1096.jpg,0,1,0,0,0,0
DS_IMG_3261.jpg,0,1,0,0,0,0
DS_IMG_3221.jpg,0,1,0,0,0,0
DS_IMG_2878.jpg,1,0,0,0,0,0
DS_IMG_3155.jpg,1,0,0,0,0,0
DS_IMG_2055.jpg,0,0,0,0,1,0
DS_IMG_347.jpg,1,0,0,0,0,0
DS_IMG_2097.jpg,1,0,0,0,0,0
DS_IMG_1656.jpg,1,0,0,0,0,0
DS_IMG_1529.jpg,0,1,0,0,0,0
DS_IMG_1157.jpg,1,0,0,0,0,0
DS_IMG_2547.jpg,0,0,0,0,0,1
DS_IMG_136.jpg,1,0,0,0,0,0
DS_IMG_768.jpg,0,0,0,0,0,1
DS_IMG_42.jpg,1,0,0,0,0,0
DS_IMG_2223.jpg,1,0,0,0,0,0
DS_IMG_772.jpg,0,1,0,0,0,0
DS_IMG_2510.jpg,1,0,0,0,0,0
DS_IMG_3012.jpg,1,0,0,0,0,0
DS_IMG_112.jpg,0,1,0,0,0,0
DS_IMG_557.jpg,0,1,0,0,0,0
DS_IMG_2154.jpg,1,0,0,0,0,0
DS_IMG_12.jpg,0,0,0,1,0,0
DS_IMG_2755.jpg,1,0,0,0,0,0
DS_IMG_2630.jpg,1,0,0,0,0,0
DS_IMG_1133.jpg,0,0,1,0,0,0
DS_IMG_1319.jpg,0,0,0,0,0,1
DS_IMG_2322.jpg,1,0,0,0,0,0
DS_IMG_1915.jpg,0,0,1,0,0,0
DS_IMG_3119.jpg,1,0,0,0,0,0
DS_IMG_2237.jpg,1,0,0,0,0,0
DS_IMG_1187.jpg,0,1,0,0,0,0
DS_IMG_2159.jpg,1,0,0,0,0,0
DS_IMG_2481.jpg,0,0,0,0,0,1
DS_IMG_1700.jpg,1,0,0,0,0,0
DS_IMG_2218.jpg,1,0,0,0,0,0
DS_IMG_508.jpg,1,0,0,0,0,0
DS_IMG_2665.jpg,1,0,0,0,0,0
DS_IMG_2001.jpg,1,0,0,0,0,0
DS_IMG_1477.jpg,0,0,1,0,0,0
DS_IMG_1116.jpg,0,1,0,0,0,0
DS_IMG_2824.jpg,0,0,0,0,0,1
DS_IMG_1447.jpg,1,0,0,0,0,0
DS_IMG_2397.jpg,1,0,0,0,0,0
DS_IMG_1923.jpg,1,0,0,0,0,0
DS_IMG_1060.jpg,1,0,0,0,0,0
DS_IMG_326.jpg,1,0,0,0,0,0
DS_IMG_2915.jpg,1,0,0,0,0,0
DS_IMG_2868.jpg,1,0,0,0,0,0
DS_IMG_883.jpg,0,1,0,0,0,0
DS_IMG_399.jpg,1,0,0,0,0,0
DS_IMG_1171.jpg,1,0,0,0,0,0
DS_IMG_3223.jpg,1,0,0,0,0,0
DS_IMG_3186.jpg,1,0,0,0,0,0
DS_IMG_3088.jpg,1,0,0,0,0,0
DS_IMG_826.jpg,1,0,0,0,0,0
DS_IMG_426.jpg,0,0,1,0,0,0
DS_IMG_407.jpg,1,0,0,0,0,0
DS_IMG_2709.jpg,1,0,0,0,0,0
DS_IMG_2082.jpg,1,0,0,0,0,0
DS_IMG_2818.jpg,1,0,0,0,0,0
DS_IMG_831.jpg,0,1,0,0,0,0
DS_IMG_3035.jpg,1,0,0,0,0,0
DS_IMG_1523.jpg,1,0,0,0,0,0
DS_IMG_2079.jpg,1,0,0,0,0,0
DS_IMG_139.jpg,0,0,0,0,1,0
DS_IMG_2372.jpg,1,0,0,0,0,0
DS_IMG_339.jpg,0,0,1,0,0,0
DS_IMG_2514.jpg,1,0,0,0,0,0
DS_IMG_1389.jpg,0,1,0,0,0,0
DS_IMG_832.jpg,1,0,0,0,0,0
DS_IMG_2754.jpg,1,0,0,0,0,0
DS_IMG_2246.jpg,1,0,0,0,0,0
DS_IMG_884.jpg,1,0,0,0,0,0
DS_IMG_2441.jpg,1,0,0,0,0,0
DS_IMG_9.jpg,0,0,0,1,0,0
DS_IMG_1312.jpg,0,1,0,0,0,0
DS_IMG_1904.jpg,1,0,0,0,0,0
DS_IMG_1798.jpg,1,0,0,0,0,0
DS_IMG_494.jpg,1,0,0,0,0,0
DS_IMG_708.jpg,0,1,0,0,0,0
DS_IMG_3128.jpg,0,1,0,0,0,0
DS_IMG_1706.jpg,1,0,0,0,0,0
DS_IMG_1038.jpg,1,0,0,0,0,0
DS_IMG_1321.jpg,0,0,0,0,0,1
DS_IMG_1941.jpg,1,0,0,0,0,0
DS_IMG_795.jpg,0,1,0,0,0,0
DS_IMG_242.jpg,1,0,0,0,0,0
DS_IMG_2277.jpg,0,0,0,0,0,1
DS_IMG_1822.jpg,0,0,1,0,0,0
DS_IMG_1715.jpg,1,0,0,0,0,0
DS_IMG_3099.jpg,0,1,0,0,0,0
DS_IMG_381.jpg,0,0,1,0,0,0
DS_IMG_905.jpg,1,0,0,0,0,0
DS_IMG_1727.jpg,1,0,0,0,0,0
DS_IMG_1500.jpg,1,0,0,0,0,0
DS_IMG_2931.jpg,1,0,0,0,0,0
DS_IMG_3079.jpg,0,1,0,0,0,0
DS_IMG_273.jpg,1,0,0,0,0,0
DS_IMG_2590.jpg,1,0,0,0,0,0
DS_IMG_1211.jpg,1,0,0,0,0,0
DS_IMG_835.jpg,0,0,0,0,0,1
DS_IMG_245.jpg,0,0,1,0,0,0
DS_IMG_2014.jpg,1,0,0,0,0,0
DS_IMG_2718.jpg,1,0,0,0,0,0
DS_IMG_3005.jpg,1,0,0,0,0,0
DS_IMG_1169.jpg,0,1,0,0,0,0
DS_IMG_2200.jpg,1,0,0,0,0,0
DS_IMG_207.jpg,0,0,0,0,0,1
DS_IMG_2843.jpg,1,0,0,0,0,0
DS_IMG_1536.jpg,1,0,0,0,0,0
DS_IMG_902.jpg,0,1,0,0,0,0
DS_IMG_2882.jpg,1,0,0,0,0,0
DS_IMG_101.jpg,1,0,0,0,0,0
DS_IMG_991.jpg,0,0,0,0,0,1
DS_IMG_1190.jpg,1,0,0,0,0,0
DS_IMG_2027.jpg,1,0,0,0,0,0
DS_IMG_934.jpg,1,0,0,0,0,0
DS_IMG_1638.jpg,1,0,0,0,0,0
DS_IMG_1191.jpg,1,0,0,0,0,0
DS_IMG_19.jpg,1,0,0,0,0,0
DS_IMG_729.jpg,1,0,0,0,0,0
DS_IMG_1861.jpg,1,0,0,0,0,0
DS_IMG_2017.jpg,1,0,0,0,0,0
DS_IMG_1180.jpg,0,1,0,0,0,0
DS_IMG_868.jpg,1,0,0,0,0,0
DS_IMG_1281.jpg,0,1,0,0,0,0
DS_IMG_2924.jpg,1,0,0,0,0,0
DS_IMG_521.jpg,0,1,0,0,0,0
DS_IMG_3268.jpg,1,0,0,0,0,0
DS_IMG_3288.jpg,0,0,1,0,0,0
DS_IMG_1368.jpg,1,0,0,0,0,0
DS_IMG_886.jpg,0,0,1,0,0,0
DS_IMG_457.jpg,1,0,0,0,0,0
DS_IMG_976.jpg,1,0,0,0,0,0
DS_IMG_1443.jpg,1,0,0,0,0,0
DS_IMG_1349.jpg,0,1,0,0,0,0
DS_IMG_1994.jpg,1,0,0,0,0,0
DS_IMG_2806.jpg,1,0,0,0,0,0
DS_IMG_619.jpg,0,0,1,0,0,0
DS_IMG_2456.jpg,1,0,0,0,0,0
DS_IMG_790.jpg,1,0,0,0,0,0
DS_IMG_2875.jpg,0,0,0,1,0,0
DS_IMG_916.jpg,1,0,0,0,0,0
DS_IMG_3069.jpg,0,0,0,0,1,0
DS_IMG_2649.jpg,1,0,0,0,0,0
DS_IMG_2360.jpg,1,0,0,0,0,0
DS_IMG_2767.jpg,0,1,0,0,0,0
DS_IMG_1277.jpg,0,1,0,0,0,0
DS_IMG_986.jpg,0,0,0,1,0,0
DS_IMG_1418.jpg,1,0,0,0,0,0
DS_IMG_2765.jpg,0,1,0,0,0,0
DS_IMG_3298.jpg,1,0,0,0,0,0
DS_IMG_145.jpg,0,0,0,0,1,0
DS_IMG_1072.jpg,0,1,0,0,0,0
DS_IMG_189.jpg,1,0,0,0,0,0
DS_IMG_871.jpg,0,1,0,0,0,0
DS_IMG_459.jpg,1,0,0,0,0,0
DS_IMG_2708.jpg,1,0,0,0,0,0
DS_IMG_718.jpg,0,1,0,0,0,0
DS_IMG_1891.jpg,1,0,0,0,0,0
DS_IMG_925.jpg,0,0,0,1,0,0
DS_IMG_382.jpg,1,0,0,0,0,0
DS_IMG_3174.jpg,0,0,0,0,0,1
DS_IMG_470.jpg,1,0,0,0,0,0
DS_IMG_2864.jpg,1,0,0,0,0,0
DS_IMG_869.jpg,1,0,0,0,0,0
DS_IMG_486.jpg,0,0,1,0,0,0
DS_IMG_2313.jpg,1,0,0,0,0,0
DS_IMG_2117.jpg,1,0,0,0,0,0
DS_IMG_2664.jpg,0,0,1,0,0,0
DS_IMG_484.jpg,1,0,0,0,0,0
DS_IMG_123.jpg,0,0,0,0,1,0
DS_IMG_1022.jpg,0,1,0,0,0,0
DS_IMG_2801.jpg,1,0,0,0,0,0
DS_IMG_1826.jpg,0,0,0,1,0,0
DS_IMG_2466.jpg,1,0,0,0,0,0
DS_IMG_3295.jpg,1,0,0,0,0,0
DS_IMG_2935.jpg,1,0,0,0,0,0
DS_IMG_235.jpg,0,0,0,1,0,0
DS_IMG_1934.jpg,1,0,0,0,0,0
DS_IMG_3235.jpg,0,1,0,0,0,0
DS_IMG_3193.jpg,1,0,0,0,0,0
DS_IMG_83.jpg,1,0,0,0,0,0
DS_IMG_349.jpg,0,0,1,0,0,0
DS_IMG_1259.jpg,0,1,0,0,0,0
DS_IMG_2132.jpg,0,0,0,1,0,0
DS_IMG_2808.jpg,1,0,0,0,0,0
DS_IMG_1393.jpg,0,1,0,0,0,0
DS_IMG_1033.jpg,1,0,0,0,0,0
DS_IMG_3048.jpg,0,0,0,1,0,0
DS_IMG_811.jpg,0,1,0,0,0,0
DS_IMG_2303.jpg,1,0,0,0,0,0
DS_IMG_2831.jpg,0,0,0,0,1,0
DS_IMG_1829.jpg,1,0,0,0,0,0
DS_IMG_773.jpg,0,1,0,0,0,0
DS_IMG_2044.jpg,1,0,0,0,0,0
DS_IMG_787.jpg,1,0,0,0,0,0
DS_IMG_1036.jpg,0,1,0,0,0,0
DS_IMG_229.jpg,0,0,1,0,0,0
DS_IMG_3240.jpg,1,0,0,0,0,0
DS_IMG_3181.jpg,1,0,0,0,0,0
DS_IMG_1641.jpg,1,0,0,0,0,0
DS_IMG_703.jpg,0,0,1,0,0,0
DS_IMG_408.jpg,1,0,0,0,0,0
DS_IMG_1710.jpg,1,0,0,0,0,0
DS_IMG_514.jpg,1,0,0,0,0,0
DS_IMG_1777.jpg,1,0,0,0,0,0
DS_IMG_2879.jpg,1,0,0,0,0,0
DS_IMG_1377.jpg,1,0,0,0,0,0
DS_IMG_1981.jpg,0,1,0,0,0,0
DS_IMG_1263.jpg,1,0,0,0,0,0
DS_IMG_3259.jpg,1,0,0,0,0,0
DS_IMG_933.jpg,0,1,0,0,0,0
DS_IMG_1892.jpg,0,1,0,0,0,0
DS_IMG_1880.jpg,0,0,0,0,1,0
DS_IMG_516.jpg,0,1,0,0,0,0
DS_IMG_1693.jpg,1,0,0,0,0,0
DS_IMG_2548.jpg,1,0,0,0,0,0
DS_IMG_861.jpg,0,1,0,0,0,0
DS_IMG_2043.jpg,1,0,0,0,0,0
DS_IMG_2442.jpg,1,0,0,0,0,0
DS_IMG_2667.jpg,1,0,0,0,0,0
DS_IMG_3220.jpg,0,1,0,0,0,0
DS_IMG_458.jpg,1,0,0,0,0,0
DS_IMG_1767.jpg,0,0,0,1,0,0
DS_IMG_1054.jpg,0,0,1,0,0,0
DS_IMG_515.jpg,0,0,1,0,0,0
DS_IMG_2106.jpg,1,0,0,0,0,0
DS_IMG_3179.jpg,1,0,0,0,0,0
DS_IMG_1669.jpg,1,0,0,0,0,0
DS_IMG_137.jpg,1,0,0,0,0,0
DS_IMG_1210.jpg,0,1,0,0,0,0
DS_IMG_209.jpg,0,0,1,0,0,0
DS_IMG_219.jpg,0,0,1,0,0,0
DS_IMG_1265.jpg,0,0,1,0,0,0
DS_IMG_1276.jpg,0,1,0,0,0,0
DS_IMG_2576.jpg,1,0,0,0,0,0
DS_IMG_500.jpg,0,1,0,0,0,0
DS_IMG_796.jpg,0,0,0,1,0,0
DS_IMG_1563.jpg,1,0,0,0,0,0
DS_IMG_1104.jpg,0,1,0,0,0,0
DS_IMG_2329.jpg,1,0,0,0,0,0
DS_IMG_1207.jpg,0,1,0,0,0,0
DS_IMG_3039.jpg,1,0,0,0,0,0
DS_IMG_1672.jpg,1,0,0,0,0,0
DS_IMG_2938.jpg,1,0,0,0,0,0
DS_IMG_3045.jpg,0,0,0,1,0,0
DS_IMG_16.jpg,0,1,0,0,0,0
DS_IMG_3087.jpg,0,1,0,0,0,0
DS_IMG_2034.jpg,1,0,0,0,0,0
DS_IMG_745.jpg,0,0,1,0,0,0
DS_IMG_2245.jpg,1,0,0,0,0,0
DS_IMG_626.jpg,0,1,0,0,0,0
DS_IMG_3007.jpg,1,0,0,0,0,0
DS_IMG_2662.jpg,1,0,0,0,0,0
DS_IMG_2523.jpg,1,0,0,0,0,0
DS_IMG_2427.jpg,1,0,0,0,0,0
DS_IMG_1295.jpg,0,1,0,0,0,0
DS_IMG_634.jpg,1,0,0,0,0,0
DS_IMG_2156.jpg,1,0,0,0,0,0
DS_IMG_3058.jpg,1,0,0,0,0,0
DS_IMG_2193.jpg,1,0,0,0,0,0
DS_IMG_2057.jpg,1,0,0,0,0,0
DS_IMG_77.jpg,1,0,0,0,0,0
DS_IMG_1399.jpg,0,1,0,0,0,0
DS_IMG_1817.jpg,1,0,0,0,0,0
DS_IMG_762.jpg,1,0,0,0,0,0
DS_IMG_2477.jpg,1,0,0,0,0,0
DS_IMG_1881.jpg,0,0,0,0,1,0
DS_IMG_1605.jpg,1,0,0,0,0,0
DS_IMG_538.jpg,1,0,0,0,0,0
DS_IMG_99.jpg,1,0,0,0,0,0
DS_IMG_2392.jpg,1,0,0,0,0,0
DS_IMG_1099.jpg,0,0,0,0,0,1
DS_IMG_2002.jpg,1,0,0,0,0,0
DS_IMG_2606.jpg,1,0,0,0,0,0
DS_IMG_2028.jpg,1,0,0,0,0,0
DS_IMG_324.jpg,1,0,0,0,0,0
DS_IMG_1772.jpg,1,0,0,0,0,0
DS_IMG_306.jpg,1,0,0,0,0,0
DS_IMG_1920.jpg,1,0,0,0,0,0
DS_IMG_1871.jpg,1,0,0,0,0,0
DS_IMG_2625.jpg,1,0,0,0,0,0
DS_IMG_442.jpg,0,0,1,0,0,0
DS_IMG_1873.jpg,1,0,0,0,0,0
DS_IMG_564.jpg,0,0,1,0,0,0
DS_IMG_1617.jpg,1,0,0,0,0,0
DS_IMG_46.jpg,1,0,0,0,0,0
DS_IMG_1553.jpg,1,0,0,0,0,0
DS_IMG_1789.jpg,1,0,0,0,0,0
DS_IMG_2373.jpg,1,0,0,0,0,0
DS_IMG_2174.jpg,1,0,0,0,0,0
DS_IMG_1073.jpg,1,0,0,0,0,0
DS_IMG_1419.jpg,1,0,0,0,0,0
DS_IMG_1042.jpg,0,1,0,0,0,0
DS_IMG_1088.jpg,0,0,0,1,0,0
DS_IMG_2919.jpg,1,0,0,0,0,0
DS_IMG_380.jpg,0,0,1,0,0,0
DS_IMG_2465.jpg,1,0,0,0,0,0
DS_IMG_1327.jpg,0,1,0,0,0,0
DS_IMG_3101.jpg,0,1,0,0,0,0
DS_IMG_2549.jpg,1,0,0,0,0,0
DS_IMG_1783.jpg,1,0,0,0,0,0
DS_IMG_608.jpg,0,0,1,0,0,0
DS_IMG_3127.jpg,1,0,0,0,0,0
DS_IMG_1889.jpg,1,0,0,0,0,0
DS_IMG_1905.jpg,1,0,0,0,0,0
DS_IMG_2204.jpg,0,0,0,0,1,0
DS_IMG_506.jpg,1,0,0,0,0,0
DS_IMG_742.jpg,1,0,0,0,0,0
DS_IMG_2835.jpg,1,0,0,0,0,0
DS_IMG_1159.jpg,1,0,0,0,0,0
DS_IMG_1890.jpg,0,1,0,0,0,0
DS_IMG_2112.jpg,0,1,0,0,0,0
DS_IMG_1995.jpg,1,0,0,0,0,0
DS_IMG_548.jpg,0,0,1,0,0,0
DS_IMG_908.jpg,1,0,0,0,0,0
DS_IMG_547.jpg,0,1,0,0,0,0
DS_IMG_2746.jpg,1,0,0,0,0,0
DS_IMG_3075.jpg,0,0,0,0,1,0
DS_IMG_680.jpg,1,0,0,0,0,0
DS_IMG_2981.jpg,0,1,0,0,0,0
DS_IMG_1318.jpg,0,1,0,0,0,0
DS_IMG_601.jpg,1,0,0,0,0,0
DS_IMG_649.jpg,0,1,0,0,0,0
DS_IMG_384.jpg,1,0,0,0,0,0
DS_IMG_2304.jpg,0,1,0,0,0,0
DS_IMG_535.jpg,0,0,1,0,0,0
DS_IMG_604.jpg,1,0,0,0,0,0
DS_IMG_1026.jpg,0,0,0,0,0,1
DS_IMG_2119.jpg,1,0,0,0,0,0
DS_IMG_1146.jpg,0,0,1,0,0,0
DS_IMG_124.jpg,0,0,0,0,1,0
DS_IMG_2206.jpg,1,0,0,0,0,0
DS_IMG_3070.jpg,0,0,0,0,1,0
DS_IMG_1780.jpg,1,0,0,0,0,0
DS_IMG_3031.jpg,1,0,0,0,0,0
DS_IMG_3074.jpg,0,0,0,0,1,0
DS_IMG_827.jpg,0,1,0,0,0,0
DS_IMG_2076.jpg,1,0,0,0,0,0
DS_IMG_575.jpg,1,0,0,0,0,0
DS_IMG_1056.jpg,0,0,0,1,0,0
DS_IMG_1569.jpg,0,1,0,0,0,0
DS_IMG_2368.jpg,1,0,0,0,0,0
DS_IMG_2521.jpg,1,0,0,0,0,0
DS_IMG_1751.jpg,1,0,0,0,0,0
DS_IMG_1713.jpg,0,1,0,0,0,0
DS_IMG_519.jpg,1,0,0,0,0,0
DS_IMG_1596.jpg,1,0,0,0,0,0
DS_IMG_1665.jpg,1,0,0,0,0,0
DS_IMG_2495.jpg,0,1,0,0,0,0
DS_IMG_3248.jpg,0,1,0,0,0,0
DS_IMG_2032.jpg,1,0,0,0,0,0
DS_IMG_2299.jpg,1,0,0,0,0,0
DS_IMG_2593.jpg,1,0,0,0,0,0
DS_IMG_2301.jpg,1,0,0,0,0,0
DS_IMG_3149.jpg,1,0,0,0,0,0
DS_IMG_2668.jpg,1,0,0,0,0,0
DS_IMG_1379.jpg,1,0,0,0,0,0
DS_IMG_2536.jpg,1,0,0,0,0,0
DS_IMG_732.jpg,1,0,0,0,0,0
DS_IMG_766.jpg,0,0,0,0,0,1
DS_IMG_2948.jpg,0,1,0,0,0,0
DS_IMG_2278.jpg,1,0,0,0,0,0
DS_IMG_2170.jpg,1,0,0,0,0,0
DS_IMG_935.jpg,1,0,0,0,0,0
DS_IMG_238.jpg,0,0,1,0,0,0
